origen,prueba_desde,tarea,H,metodo,semilla,mase_medio,mase_mediano,mase_rel_medio,mase_rel_mediano,ic95,n_series,n_entrena,n_prueba,epocas,mejor_epoca,grad_inicio,grad_final,parametro
0,2020-07-24,magnitud,1,volatilidad reciente,,1.396795392036438,1.330522060394287,1.0,1.0,0.0,273,107019,6825,,,,,
0,2020-07-24,magnitud,1,mediana de la ventana,,1.285988450050354,1.2230422496795654,0.921170175075531,0.9193503856658936,0.008805696508908415,273,107019,6825,,,,,
0,2020-07-24,magnitud,1,media reescalada (c global),,1.2734819650650024,1.2140638828277588,0.9116439819335938,0.9109424948692322,0.008367474055315552,273,107019,6825,,,,,0.7649
0,2020-07-24,magnitud,1,media reescalada (c por serie),,1.2753950357437134,1.2110583782196045,0.9127774238586426,0.9170213341712952,0.008611629013078255,273,107019,6825,,,,,
0,2020-07-24,magnitud,1,EWMA RiskMetrics,,1.2629246711730957,1.2243353128433228,0.9061848521232605,0.9102526903152466,0.010863881028725106,273,107019,6825,,,,,0.7698
0,2020-07-24,magnitud,1,EWMA ajustado,,1.2622953653335571,1.2153427600860596,0.9052964448928833,0.9101178050041199,0.010100702435037013,273,107019,6825,,,,,0.96
0,2020-07-24,magnitud,1,HAR,,1.2605311870574951,1.209965467453003,0.9035828709602356,0.9007437825202942,0.013442498790556725,273,107019,6825,,,,,
0,2020-07-24,magnitud,1,"GARCH(1,1) agrupado",,1.273606538772583,1.2223947048187256,0.9128000140190125,0.9076489210128784,0.014834456395403891,273,107019,6825,,,,,0.5492
0,2020-07-24,magnitud,1,regresion agrupada (L2),,1.2996084690093994,1.2421703338623047,0.9354793429374695,0.9434145092964172,0.008015867070977309,273,107019,6825,,,,,
0,2020-07-24,magnitud,1,regresion agrupada (L1),,1.2510271072387695,1.208715796470642,0.8968933820724487,0.9008479118347168,0.011656554029036446,273,107019,6825,,,,,
0,2020-07-24,magnitud,5,volatilidad reciente,,1.4832717180252075,1.3971195220947266,1.0,1.0,0.0,273,106746,6552,,,,,
0,2020-07-24,magnitud,5,mediana de la ventana,,1.388940453529358,1.317073106765747,0.9383507966995239,0.9387045502662659,0.003925386804476475,273,106746,6552,,,,,
0,2020-07-24,magnitud,5,media reescalada (c global),,1.3773776292800903,1.3078091144561768,0.9303183555603027,0.9287167191505432,0.0034695726833324555,273,106746,6552,,,,,0.7475
0,2020-07-24,magnitud,5,media reescalada (c por serie),,1.3778197765350342,1.307856559753418,0.9305388331413269,0.9288696646690369,0.0035298534100295263,273,106746,6552,,,,,
0,2020-07-24,magnitud,5,EWMA RiskMetrics,,1.363471508026123,1.3000158071517944,0.9226034283638,0.9227399230003357,0.004760639738958147,273,106746,6552,,,,,0.7498
0,2020-07-24,magnitud,5,EWMA ajustado,,1.3643735647201538,1.3004096746444702,0.922762930393219,0.9227728247642517,0.004394430750655955,273,106746,6552,,,,,0.96
0,2020-07-24,magnitud,5,HAR,,1.36159348487854,1.2909455299377441,0.9205710291862488,0.9211876392364502,0.004831641769041261,273,106746,6552,,,,,
0,2020-07-24,magnitud,5,"GARCH(1,1) agrupado",,1.3935847282409668,1.3128236532211304,0.9388368725776672,0.9358452558517456,0.006091074756848941,273,106746,6552,,,,,0.5332
0,2020-07-24,magnitud,5,regresion agrupada (L2),,1.3771296739578247,1.322060465812683,0.9338914155960083,0.9373669028282166,0.0046500303029651645,273,106746,6552,,,,,
0,2020-07-24,magnitud,5,regresion agrupada (L1),,1.3612346649169922,1.3060771226882935,0.9211772084236145,0.9262118935585022,0.004445293811588495,273,106746,6552,,,,,
0,2020-07-24,magnitud,10,volatilidad reciente,,1.4901151657104492,1.4123668670654297,1.0,1.0,0.0,273,106473,6279,,,,,
0,2020-07-24,magnitud,10,mediana de la ventana,,1.3943108320236206,1.3185673952102661,0.9377790093421936,0.9390807151794434,0.0038923994967753244,273,106473,6279,,,,,
0,2020-07-24,magnitud,10,media reescalada (c global),,1.3819628953933716,1.314239263534546,0.929269552230835,0.9286849498748779,0.0034980982676001775,273,106473,6279,,,,,0.7452
0,2020-07-24,magnitud,10,media reescalada (c por serie),,1.3825314044952393,1.313777208328247,0.9295558333396912,0.9288420677185059,0.003556541906898412,273,106473,6279,,,,,
0,2020-07-24,magnitud,10,EWMA RiskMetrics,,1.3726873397827148,1.3115829229354858,0.9245089292526245,0.9247784614562988,0.004683130794008757,273,106473,6279,,,,,0.7449
0,2020-07-24,magnitud,10,EWMA ajustado,,1.3729512691497803,1.3124017715454102,0.924006998538971,0.9242474436759949,0.004133494896854888,273,106473,6279,,,,,0.97
0,2020-07-24,magnitud,10,HAR,,1.367782711982727,1.295498251914978,0.9211026430130005,0.9212680459022522,0.00471079397531863,273,106473,6279,,,,,
0,2020-07-24,magnitud,10,"GARCH(1,1) agrupado",,1.4062942266464233,1.3190244436264038,0.9420379400253296,0.9391868114471436,0.00629702875828375,273,106473,6279,,,,,0.5283
0,2020-07-24,magnitud,10,regresion agrupada (L2),,1.3819160461425781,1.3205646276474,0.9331547617912292,0.9349645972251892,0.004655106418048302,273,106473,6279,,,,,
0,2020-07-24,magnitud,10,regresion agrupada (L1),,1.3701956272125244,1.3088185787200928,0.9237041473388672,0.927010178565979,0.0043617333907205015,273,106473,6279,,,,,
0,2020-07-24,magnitud,20,volatilidad reciente,,1.4922552108764648,1.4033845663070679,1.0,1.0,0.0,273,106200,6006,,,,,
0,2020-07-24,magnitud,20,mediana de la ventana,,1.3957929611206055,1.3163670301437378,0.9376167058944702,0.9380311965942383,0.004024362706399114,273,106200,6006,,,,,
0,2020-07-24,magnitud,20,media reescalada (c global),,1.3819527626037598,1.3086249828338623,0.9281495213508606,0.9271513223648071,0.0037394103393771244,273,106200,6006,,,,,0.7412
0,2020-07-24,magnitud,20,media reescalada (c por serie),,1.3825265169143677,1.3065662384033203,0.9284430742263794,0.9282584190368652,0.003801788339881753,273,106200,6006,,,,,
0,2020-07-24,magnitud,20,EWMA RiskMetrics,,1.3800837993621826,1.2923309803009033,0.9277277588844299,0.9275640845298767,0.004562838545616359,273,106200,6006,,,,,0.7386
0,2020-07-24,magnitud,20,EWMA ajustado,,1.377537488937378,1.3018156290054321,0.9254858493804932,0.9260210990905762,0.004010015928617723,273,106200,6006,,,,,0.98
0,2020-07-24,magnitud,20,HAR,,1.3715802431106567,1.2797088623046875,0.9225916862487793,0.9243925213813782,0.0047219598953407195,273,106200,6006,,,,,
0,2020-07-24,magnitud,20,"GARCH(1,1) agrupado",,1.4177881479263306,1.314987301826477,0.9469211101531982,0.9438668489456177,0.006763691795905091,273,106200,6006,,,,,0.523
0,2020-07-24,magnitud,20,regresion agrupada (L2),,1.3820593357086182,1.3064645528793335,0.9318906664848328,0.9368236660957336,0.004691620446551196,273,106200,6006,,,,,
0,2020-07-24,magnitud,20,regresion agrupada (L1),,1.374220609664917,1.2907934188842773,0.9255059361457825,0.9293583631515503,0.004443987017459425,273,106200,6006,,,,,
1,2021-01-25,magnitud,1,volatilidad reciente,,1.1207419633865356,1.062131643295288,1.0,1.0,0.0,274,113900,6850,,,,,
1,2021-01-25,magnitud,1,mediana de la ventana,,1.0922223329544067,1.030717134475708,0.9710808992385864,0.9772756099700928,0.009004550365852815,274,113900,6850,,,,,
1,2021-01-25,magnitud,1,media reescalada (c global),,1.081646203994751,1.0122320652008057,0.9611640572547913,0.9639362692832947,0.009714315370233505,274,113900,6850,,,,,0.7491
1,2021-01-25,magnitud,1,media reescalada (c por serie),,1.0829715728759766,1.0143187046051025,0.9626054763793945,0.9659452438354492,0.009881869142064997,274,113900,6850,,,,,
1,2021-01-25,magnitud,1,EWMA RiskMetrics,,1.0813591480255127,1.0322751998901367,0.9622783660888672,0.9662193655967712,0.010883662041530032,274,113900,6850,,,,,0.7527
1,2021-01-25,magnitud,1,EWMA ajustado,,1.0816400051116943,1.0337344408035278,0.9627952575683594,0.9655219316482544,0.01101910164799961,274,113900,6850,,,,,0.93
1,2021-01-25,magnitud,1,HAR,,1.0783714056015015,1.0237447023391724,0.9595577716827393,0.9581606388092041,0.0114682471563955,274,113900,6850,,,,,
1,2021-01-25,magnitud,1,"GARCH(1,1) agrupado",,1.0853248834609985,1.0297236442565918,0.9647456407546997,0.9655163288116455,0.012581685256913114,274,113900,6850,,,,,0.5444
1,2021-01-25,magnitud,1,regresion agrupada (L2),,1.1016271114349365,1.063227891921997,0.9876588582992554,0.9847052097320557,0.007407153755793495,274,113900,6850,,,,,
1,2021-01-25,magnitud,1,regresion agrupada (L1),,1.080029845237732,1.024479627609253,0.9610199332237244,0.9564517140388489,0.01061226340622686,274,113900,6850,,,,,
1,2021-01-25,magnitud,5,volatilidad reciente,,1.052903413772583,1.021246314048767,1.0,1.0,0.0,274,113626,6576,,,,,
1,2021-01-25,magnitud,5,mediana de la ventana,,1.0064654350280762,0.977747917175293,0.9560092687606812,0.9569496512413025,0.003689793730902964,274,113626,6576,,,,,
1,2021-01-25,magnitud,5,media reescalada (c global),,0.9932996034622192,0.9654091596603394,0.9434359073638916,0.9427434206008911,0.00321213445531652,274,113626,6576,,,,,0.7356
1,2021-01-25,magnitud,5,media reescalada (c por serie),,0.99359530210495,0.9658958315849304,0.9437149167060852,0.9431338310241699,0.003185692526203568,274,113626,6576,,,,,
1,2021-01-25,magnitud,5,EWMA RiskMetrics,,0.997054398059845,0.9707098603248596,0.9475400447845459,0.9472244381904602,0.0038004910086465197,274,113626,6576,,,,,0.7464
1,2021-01-25,magnitud,5,EWMA ajustado,,0.9986875057220459,0.9725043773651123,0.949154794216156,0.9473851323127747,0.003901552866505812,274,113626,6576,,,,,0.93
1,2021-01-25,magnitud,5,HAR,,0.9995083808898926,0.9735012054443359,0.9506317973136902,0.9537186026573181,0.0034910971225323864,274,113626,6576,,,,,
1,2021-01-25,magnitud,5,"GARCH(1,1) agrupado",,1.0038753747940063,0.9723458886146545,0.9528878927230835,0.9500467777252197,0.004680020705701019,274,113626,6576,,,,,0.531
1,2021-01-25,magnitud,5,regresion agrupada (L2),,1.04911208152771,1.0252575874328613,0.9994825124740601,1.0023179054260254,0.004256942638197234,274,113626,6576,,,,,
1,2021-01-25,magnitud,5,regresion agrupada (L1),,1.0046998262405396,0.9797776341438293,0.9556383490562439,0.955308198928833,0.0032483895961974317,274,113626,6576,,,,,
1,2021-01-25,magnitud,10,volatilidad reciente,,1.0442273616790771,1.010026454925537,1.0,1.0,0.0,274,113352,6302,,,,,
1,2021-01-25,magnitud,10,mediana de la ventana,,0.9892701506614685,0.9588457345962524,0.947601318359375,0.9490017294883728,0.0037313180380787857,274,113352,6302,,,,,
1,2021-01-25,magnitud,10,media reescalada (c global),,0.9746395349502563,0.9420389533042908,0.9334951639175415,0.9320420026779175,0.003359807943808535,274,113352,6302,,,,,0.7321
1,2021-01-25,magnitud,10,media reescalada (c por serie),,0.9750167727470398,0.9416415691375732,0.9338237047195435,0.9326959252357483,0.003353594229999862,274,113352,6302,,,,,
1,2021-01-25,magnitud,10,EWMA RiskMetrics,,0.977847695350647,0.9496432542800903,0.9370936751365662,0.9379489421844482,0.003864147704706308,274,113352,6302,,,,,0.7382
1,2021-01-25,magnitud,10,EWMA ajustado,,0.977847695350647,0.9496432542800903,0.9370936751365662,0.9379489421844482,0.003864147704706308,274,113352,6302,,,,,0.94
1,2021-01-25,magnitud,10,HAR,,0.9861392378807068,0.9600691199302673,0.9464077949523926,0.9504732489585876,0.003427678757617958,274,113352,6302,,,,,
1,2021-01-25,magnitud,10,"GARCH(1,1) agrupado",,0.9839223623275757,0.9459681510925293,0.941748321056366,0.9396783113479614,0.004786489237248814,274,113352,6302,,,,,0.5206
1,2021-01-25,magnitud,10,regresion agrupada (L2),,1.0348243713378906,1.0082035064697266,0.9949523210525513,0.9961081743240356,0.004422189166494987,274,113352,6302,,,,,
1,2021-01-25,magnitud,10,regresion agrupada (L1),,0.9932734370231628,0.9683880805969238,0.9533815979957581,0.9559378623962402,0.0032141876139936847,274,113352,6302,,,,,
1,2021-01-25,magnitud,20,volatilidad reciente,,1.039009928703308,1.0080897808074951,1.0,1.0,0.0,274,113078,5754,,,,,
1,2021-01-25,magnitud,20,mediana de la ventana,,0.977595865726471,0.9493732452392578,0.941277265548706,0.9434970021247864,0.004030029782725021,274,113078,5754,,,,,
1,2021-01-25,magnitud,20,media reescalada (c global),,0.9602823853492737,0.9288066625595093,0.9245700240135193,0.9257051944732666,0.0038235076308356032,274,113078,5754,,,,,0.7252
1,2021-01-25,magnitud,20,media reescalada (c por serie),,0.9608078598976135,0.9288947582244873,0.9250097274780273,0.9258503913879395,0.003818781967577562,274,113078,5754,,,,,
1,2021-01-25,magnitud,20,EWMA RiskMetrics,,0.9637616872787476,0.939697802066803,0.9282092452049255,0.9285767078399658,0.004340778938109557,274,113078,5754,,,,,0.7259
1,2021-01-25,magnitud,20,EWMA ajustado,,0.9621330499649048,0.9368667602539062,0.9265880584716797,0.9278829097747803,0.004251920805168378,274,113078,5754,,,,,0.95
1,2021-01-25,magnitud,20,HAR,,0.975345253944397,0.948646068572998,0.9415063858032227,0.9447811841964722,0.0038669280096824887,274,113078,5754,,,,,
1,2021-01-25,magnitud,20,"GARCH(1,1) agrupado",,0.970313549041748,0.9440094232559204,0.9334200024604797,0.9320268630981445,0.005255655011960962,274,113078,5754,,,,,0.5073
1,2021-01-25,magnitud,20,regresion agrupada (L2),,1.0187057256698608,0.9924437999725342,0.9850658774375916,0.9879500865936279,0.004472319726106791,274,113078,5754,,,,,
1,2021-01-25,magnitud,20,regresion agrupada (L1),,0.984207034111023,0.9592751264572144,0.9500299096107483,0.9529495239257812,0.003503955076571898,274,113078,5754,,,,,
2,2021-07-26,magnitud,1,volatilidad reciente,,0.9539961814880371,0.926740825176239,1.0,1.0,0.0,274,121024,6850,,,,,
2,2021-07-26,magnitud,1,mediana de la ventana,,0.9257326722145081,0.8966985940933228,0.9686160087585449,0.973402738571167,0.007334867176730904,274,121024,6850,,,,,
2,2021-07-26,magnitud,1,media reescalada (c global),,0.9239518642425537,0.9042762517929077,0.9664355516433716,0.9708811044692993,0.008228510848714673,274,121024,6850,,,,,0.7397
2,2021-07-26,magnitud,1,media reescalada (c por serie),,0.9244410395622253,0.9010675549507141,0.9670122861862183,0.9720520973205566,0.008301759304373362,274,121024,6850,,,,,
2,2021-07-26,magnitud,1,EWMA RiskMetrics,,0.9250159859657288,0.8995501399040222,0.9684831500053406,0.9710527658462524,0.00787830314780045,274,121024,6850,,,,,0.748
2,2021-07-26,magnitud,1,EWMA ajustado,,0.925686240196228,0.8977349400520325,0.9694095849990845,0.9723392724990845,0.007964458844109448,274,121024,6850,,,,,0.93
2,2021-07-26,magnitud,1,HAR,,0.918590247631073,0.875625729560852,0.9624589085578918,0.9652669429779053,0.008234769123020779,274,121024,6850,,,,,
2,2021-07-26,magnitud,1,"GARCH(1,1) agrupado",,0.9236718416213989,0.8856074213981628,0.967731773853302,0.9669189453125,0.008807194173253496,274,121024,6850,,,,,0.5407
2,2021-07-26,magnitud,1,regresion agrupada (L2),,0.9527948498725891,0.9025830030441284,1.0055750608444214,0.9978445768356323,0.00847592783449042,274,121024,6850,,,,,
2,2021-07-26,magnitud,1,regresion agrupada (L1),,0.9186297655105591,0.8876742720603943,0.9624097943305969,0.9669191837310791,0.008236826107599238,274,121024,6850,,,,,
2,2021-07-26,magnitud,5,volatilidad reciente,,0.9450148940086365,0.9131345748901367,1.0,1.0,0.0,274,120750,6850,,,,,
2,2021-07-26,magnitud,5,mediana de la ventana,,0.9253065586090088,0.8991334438323975,0.9799715876579285,0.9826589226722717,0.0029369571798522607,274,120750,6850,,,,,
2,2021-07-26,magnitud,5,media reescalada (c global),,0.9244786500930786,0.8949064016342163,0.9796182513237,0.9793062210083008,0.0034637164972841222,274,120750,6850,,,,,0.7303
2,2021-07-26,magnitud,5,media reescalada (c por serie),,0.9250609874725342,0.8986890912055969,0.9803745150566101,0.979011058807373,0.003586218030840018,274,120750,6850,,,,,
2,2021-07-26,magnitud,5,EWMA RiskMetrics,,0.9280287623405457,0.9029390811920166,0.9831487536430359,0.984603762626648,0.0030976823930317144,274,120750,6850,,,,,0.7446
2,2021-07-26,magnitud,5,EWMA ajustado,,0.9295436143875122,0.9037879109382629,0.9847153425216675,0.9858369827270508,0.003139066267124718,274,120750,6850,,,,,0.93
2,2021-07-26,magnitud,5,HAR,,0.9314302206039429,0.9041793942451477,0.9870144128799438,0.9882014989852905,0.0026745777692718836,274,120750,6850,,,,,
2,2021-07-26,magnitud,5,"GARCH(1,1) agrupado",,0.9291991591453552,0.9024745225906372,0.9835494756698608,0.9812697172164917,0.003558827503258991,274,120750,6850,,,,,0.531
2,2021-07-26,magnitud,5,regresion agrupada (L2),,0.9717199802398682,0.942927896976471,1.03054940700531,1.029248595237732,0.003830054423109935,274,120750,6850,,,,,
2,2021-07-26,magnitud,5,regresion agrupada (L1),,0.9305784106254578,0.9034889936447144,0.9858084321022034,0.9859156608581543,0.002528669371594842,274,120750,6850,,,,,
2,2021-07-26,magnitud,10,volatilidad reciente,,0.9394959807395935,0.9115802645683289,1.0,1.0,0.0,274,120476,6576,,,,,
2,2021-07-26,magnitud,10,mediana de la ventana,,0.9204334616661072,0.8982914686203003,0.9805681109428406,0.9845807552337646,0.002954913484946523,274,120476,6576,,,,,
2,2021-07-26,magnitud,10,media reescalada (c global),,0.9204849600791931,0.8960553407669067,0.9811723232269287,0.9798053503036499,0.0035521254244026967,274,120476,6576,,,,,0.7258
2,2021-07-26,magnitud,10,media reescalada (c por serie),,0.921032726764679,0.8988779783248901,0.9818981885910034,0.980349063873291,0.0036828882041189974,274,120476,6576,,,,,
2,2021-07-26,magnitud,10,EWMA RiskMetrics,,0.9238871335983276,0.8944977521896362,0.9846672415733337,0.9872843027114868,0.003143399888026558,274,120476,6576,,,,,0.7358
2,2021-07-26,magnitud,10,EWMA ajustado,,0.9238871335983276,0.8944977521896362,0.9846672415733337,0.9872843027114868,0.003143399888026558,274,120476,6576,,,,,0.94
2,2021-07-26,magnitud,10,HAR,,0.9286309480667114,0.9046963453292847,0.9904022216796875,0.9907813668251038,0.0025189065717027654,274,120476,6576,,,,,
2,2021-07-26,magnitud,10,"GARCH(1,1) agrupado",,0.9231635332107544,0.8960251808166504,0.9829429984092712,0.9822648167610168,0.003507645270897172,274,120476,6576,,,,,0.5205
2,2021-07-26,magnitud,10,regresion agrupada (L2),,0.9640714526176453,0.9380345344543457,1.0287693738937378,1.0282104015350342,0.0035528496450124873,274,120476,6576,,,,,
2,2021-07-26,magnitud,10,regresion agrupada (L1),,0.9285811185836792,0.9052691459655762,0.9898109436035156,0.9904569387435913,0.0022466705141220827,274,120476,6576,,,,,
2,2021-07-26,magnitud,20,volatilidad reciente,,0.9301592707633972,0.8971491456031799,1.0,1.0,0.0,274,120202,6028,,,,,
2,2021-07-26,magnitud,20,mediana de la ventana,,0.9135167002677917,0.8829324841499329,0.9830682873725891,0.9863870143890381,0.0030963775356371947,274,120202,6028,,,,,
2,2021-07-26,magnitud,20,media reescalada (c global),,0.9159409999847412,0.8878392577171326,0.9863682389259338,0.9854159355163574,0.003882525534102043,274,120202,6028,,,,,0.7176
2,2021-07-26,magnitud,20,media reescalada (c por serie),,0.9165245294570923,0.89136803150177,0.9871341586112976,0.9868119955062866,0.004031137493676353,274,120202,6028,,,,,
2,2021-07-26,magnitud,20,EWMA RiskMetrics,,0.9200656414031982,0.8919915556907654,0.9907523989677429,0.9920423030853271,0.0034195689721382215,274,120202,6028,,,,,0.7223
2,2021-07-26,magnitud,20,EWMA ajustado,,0.9184994697570801,0.8902983665466309,0.9890782833099365,0.9907228946685791,0.003440769641530413,274,120202,6028,,,,,0.95
2,2021-07-26,magnitud,20,HAR,,0.9241769909858704,0.8943301439285278,0.9961632490158081,0.9970805644989014,0.0027833686229055783,274,120202,6028,,,,,
2,2021-07-26,magnitud,20,"GARCH(1,1) agrupado",,0.9156237840652466,0.8884098529815674,0.9847660660743713,0.9862314462661743,0.0034645701233788815,274,120202,6028,,,,,0.5066
2,2021-07-26,magnitud,20,regresion agrupada (L2),,0.9535170793533325,0.928744375705719,1.0285415649414062,1.0268423557281494,0.003617235962954482,274,120202,6028,,,,,
2,2021-07-26,magnitud,20,regresion agrupada (L1),,0.9246309995651245,0.8978874683380127,0.9960318207740784,0.9964964389801025,0.0023456454553516092,274,120202,6028,,,,,
3,2022-01-24,magnitud,1,volatilidad reciente,,1.424569845199585,1.3838355541229248,1.0,1.0,0.0,274,127874,6576,,,,,
3,2022-01-24,magnitud,1,mediana de la ventana,,1.4338706731796265,1.3823661804199219,1.0056157112121582,1.0054206848144531,0.005962190505542867,274,127874,6576,,,,,
3,2022-01-24,magnitud,1,media reescalada (c global),,1.4473459720611572,1.4074068069458008,1.0159021615982056,1.0110793113708496,0.007167892691366038,274,127874,6576,,,,,0.7424
3,2022-01-24,magnitud,1,media reescalada (c por serie),,1.4489166736602783,1.4107756614685059,1.0172078609466553,1.0098905563354492,0.0074187732430786016,274,127874,6576,,,,,
3,2022-01-24,magnitud,1,EWMA RiskMetrics,,1.4282660484313965,1.3752857446670532,1.0023119449615479,1.0001544952392578,0.006988524536336427,274,127874,6576,,,,,0.7515
3,2022-01-24,magnitud,1,EWMA ajustado,,1.4279441833496094,1.3752728700637817,1.0021859407424927,1.0002195835113525,0.0071767156698577155,274,127874,6576,,,,,0.93
3,2022-01-24,magnitud,1,HAR,,1.4534226655960083,1.4166580438613892,1.0196353197097778,1.0173981189727783,0.00924239179584691,274,127874,6576,,,,,
3,2022-01-24,magnitud,1,"GARCH(1,1) agrupado",,1.4737204313278198,1.4368551969528198,1.0340206623077393,1.0211018323898315,0.010438253313434006,274,127874,6576,,,,,0.5443
3,2022-01-24,magnitud,1,regresion agrupada (L2),,1.4450784921646118,1.4007213115692139,1.0168507099151611,1.0222017765045166,0.008159569907807813,274,127874,6576,,,,,
3,2022-01-24,magnitud,1,regresion agrupada (L1),,1.4612075090408325,1.4235732555389404,1.0261527299880981,1.0194752216339111,0.0092155051619717,274,127874,6576,,,,,
3,2022-01-24,magnitud,5,volatilidad reciente,,1.3143044710159302,1.2950897216796875,1.0,1.0,0.0,274,127600,6576,,,,,
3,2022-01-24,magnitud,5,mediana de la ventana,,1.295730710029602,1.2873826026916504,0.9857826828956604,0.986843466758728,0.0027397121634435066,274,127600,6576,,,,,
3,2022-01-24,magnitud,5,media reescalada (c global),,1.2973909378051758,1.285961627960205,0.9870803952217102,0.986843466758728,0.0032458008113390047,274,127600,6576,,,,,0.7302
3,2022-01-24,magnitud,5,media reescalada (c por serie),,1.2983849048614502,1.2897257804870605,0.9877801537513733,0.9860886931419373,0.0033144109243103794,274,127600,6576,,,,,
3,2022-01-24,magnitud,5,EWMA RiskMetrics,,1.293984055519104,1.2828991413116455,0.984851598739624,0.9859575033187866,0.0029057886872691984,274,127600,6576,,,,,0.7452
3,2022-01-24,magnitud,5,EWMA ajustado,,1.2948464155197144,1.2854654788970947,0.9855589270591736,0.9861671924591064,0.002935198165468755,274,127600,6576,,,,,0.93
3,2022-01-24,magnitud,5,HAR,,1.2877261638641357,1.274864912033081,0.980319082736969,0.9795523881912231,0.002901488374213924,274,127600,6576,,,,,
3,2022-01-24,magnitud,5,"GARCH(1,1) agrupado",,1.317200779914856,1.2937644720077515,1.0010178089141846,0.9964723587036133,0.004847907105892135,274,127600,6576,,,,,0.5331
3,2022-01-24,magnitud,5,regresion agrupada (L2),,1.3089475631713867,1.2946412563323975,0.9977733492851257,0.9988844990730286,0.0035522005921104875,274,127600,6576,,,,,
3,2022-01-24,magnitud,5,regresion agrupada (L1),,1.2841273546218872,1.2747206687927246,0.9776082038879395,0.9777698516845703,0.002757045971891815,274,127600,6576,,,,,
3,2022-01-24,magnitud,10,volatilidad reciente,,1.3087694644927979,1.301276445388794,1.0,1.0,0.0,274,127326,6302,,,,,
3,2022-01-24,magnitud,10,mediana de la ventana,,1.292930245399475,1.2836363315582275,0.9878043532371521,0.9882431030273438,0.0026921298791470092,274,127326,6302,,,,,
3,2022-01-24,magnitud,10,media reescalada (c global),,1.296970248222351,1.2883672714233398,0.9909183382987976,0.9918006658554077,0.0033286119947573576,274,127326,6302,,,,,0.7255
3,2022-01-24,magnitud,10,media reescalada (c por serie),,1.2979787588119507,1.2869200706481934,0.9916499853134155,0.9888206720352173,0.0034024113802024877,274,127326,6302,,,,,
3,2022-01-24,magnitud,10,EWMA RiskMetrics,,1.2970948219299316,1.2865283489227295,0.9912628531455994,0.9915306568145752,0.0029059671543119467,274,127326,6302,,,,,0.7364
3,2022-01-24,magnitud,10,EWMA ajustado,,1.2970948219299316,1.2865283489227295,0.9912628531455994,0.9915306568145752,0.0029059671543119467,274,127326,6302,,,,,0.94
3,2022-01-24,magnitud,10,HAR,,1.2897677421569824,1.2803853750228882,0.9859492182731628,0.9858647584915161,0.0025263949858016347,274,127326,6302,,,,,
3,2022-01-24,magnitud,10,"GARCH(1,1) agrupado",,1.3241422176361084,1.3052488565444946,1.0100561380386353,1.0051029920578003,0.0050873302084920745,274,127326,6302,,,,,0.5229
3,2022-01-24,magnitud,10,regresion agrupada (L2),,1.306875228881836,1.292419672012329,1.0001461505889893,1.0004819631576538,0.003095534036928216,274,127326,6302,,,,,
3,2022-01-24,magnitud,10,regresion agrupada (L1),,1.2850580215454102,1.272451639175415,0.9824099540710449,0.9826500415802002,0.002460414167231808,274,127326,6302,,,,,
3,2022-01-24,magnitud,20,volatilidad reciente,,1.3009756803512573,1.293707013130188,1.0,1.0,0.0,274,126778,5754,,,,,
3,2022-01-24,magnitud,20,mediana de la ventana,,1.295617938041687,1.2893271446228027,0.9956961274147034,0.9974546432495117,0.002726460141570638,274,126778,5754,,,,,
3,2022-01-24,magnitud,20,media reescalada (c global),,1.306091070175171,1.3051705360412598,1.003777265548706,1.0040854215621948,0.0036411726018784393,274,126778,5754,,,,,0.7172
3,2022-01-24,magnitud,20,media reescalada (c por serie),,1.3072348833084106,1.2990608215332031,1.0046199560165405,1.0020908117294312,0.003767944516438303,274,126778,5754,,,,,
3,2022-01-24,magnitud,20,EWMA RiskMetrics,,1.3088570833206177,1.3012953996658325,1.005956768989563,1.0047926902770996,0.0031869631755394525,274,126778,5754,,,,,0.7233
3,2022-01-24,magnitud,20,EWMA ajustado,,1.3070549964904785,1.2992892265319824,1.004565715789795,1.0022908449172974,0.003191515773027161,274,126778,5754,,,,,0.95
3,2022-01-24,magnitud,20,HAR,,1.2958990335464478,1.288726568222046,0.9960277080535889,0.9942336082458496,0.0025932573370403707,274,126778,5754,,,,,
3,2022-01-24,magnitud,20,"GARCH(1,1) agrupado",,1.345545768737793,1.327526330947876,1.0314936637878418,1.021413803100586,0.0059439306039282165,274,126778,5754,,,,,0.5096
3,2022-01-24,magnitud,20,regresion agrupada (L2),,1.3068128824234009,1.3038692474365234,1.0055454969406128,1.0042595863342285,0.0028020513991398044,274,126778,5754,,,,,
3,2022-01-24,magnitud,20,regresion agrupada (L1),,1.291437029838562,1.2834405899047852,0.9927471876144409,0.9928392171859741,0.0024993031035746138,274,126778,5754,,,,,
4,2022-07-26,magnitud,1,volatilidad reciente,,1.3253692388534546,1.2792761325836182,1.0,1.0,0.0,274,134724,6576,,,,,
4,2022-07-26,magnitud,1,mediana de la ventana,,1.2767443656921387,1.2351841926574707,0.9624302983283997,0.9653623700141907,0.0069915348454963255,274,134724,6576,,,,,
4,2022-07-26,magnitud,1,media reescalada (c global),,1.2685962915420532,1.2428765296936035,0.9562507271766663,0.9531722068786621,0.00804164932841981,274,134724,6576,,,,,0.7449
4,2022-07-26,magnitud,1,media reescalada (c por serie),,1.2689878940582275,1.236912727355957,0.9566320776939392,0.95384681224823,0.00821362044087559,274,134724,6576,,,,,
4,2022-07-26,magnitud,1,EWMA RiskMetrics,,1.267771601676941,1.2248694896697998,0.9560948014259338,0.9542117118835449,0.009031159734410665,274,134724,6576,,,,,0.7521
4,2022-07-26,magnitud,1,EWMA ajustado,,1.2689489126205444,1.2277348041534424,0.9571052193641663,0.9564104676246643,0.009261251238699746,274,134724,6576,,,,,0.93
4,2022-07-26,magnitud,1,HAR,,1.2687374353408813,1.2328296899795532,0.9573360085487366,0.9485543966293335,0.011263179747210148,274,134724,6576,,,,,
4,2022-07-26,magnitud,1,"GARCH(1,1) agrupado",,1.2838560342788696,1.250556468963623,0.9686118960380554,0.9608854055404663,0.012051651193025982,274,134724,6576,,,,,0.5454
4,2022-07-26,magnitud,1,regresion agrupada (L2),,1.29497492313385,1.252142310142517,0.9784566164016724,0.9800034761428833,0.00803752365650599,274,134724,6576,,,,,
4,2022-07-26,magnitud,1,regresion agrupada (L1),,1.2801142930984497,1.2492599487304688,0.9661112427711487,0.9606366157531738,0.010257688776564232,274,134724,6576,,,,,
4,2022-07-26,magnitud,5,volatilidad reciente,,1.263506293296814,1.2634527683258057,1.0,1.0,0.0,274,134724,6576,,,,,
4,2022-07-26,magnitud,5,mediana de la ventana,,1.2030175924301147,1.2035799026489258,0.9523415565490723,0.9541727304458618,0.003208393399009328,274,134724,6576,,,,,
4,2022-07-26,magnitud,5,media reescalada (c global),,1.1926279067993164,1.1931629180908203,0.9441385865211487,0.9450517892837524,0.003228402412674721,274,134724,6576,,,,,0.7341
4,2022-07-26,magnitud,5,media reescalada (c por serie),,1.192732334136963,1.1901158094406128,0.9443112015724182,0.9458303451538086,0.003253755760342814,274,134724,6576,,,,,
4,2022-07-26,magnitud,5,EWMA RiskMetrics,,1.1839617490768433,1.185065746307373,0.9372938275337219,0.935609757900238,0.00365750222376339,274,134724,6576,,,,,0.7471
4,2022-07-26,magnitud,5,EWMA ajustado,,1.1845765113830566,1.1872210502624512,0.9377918243408203,0.9360745549201965,0.003760309142719113,274,134724,6576,,,,,0.93
4,2022-07-26,magnitud,5,HAR,,1.1814098358154297,1.177924394607544,0.9356188178062439,0.9341868162155151,0.003790278552825804,274,134724,6576,,,,,
4,2022-07-26,magnitud,5,"GARCH(1,1) agrupado",,1.2013509273529053,1.1901519298553467,0.9501146674156189,0.9458641409873962,0.004893447934268369,274,134724,6576,,,,,0.5348
4,2022-07-26,magnitud,5,regresion agrupada (L2),,1.2311853170394897,1.2251691818237305,0.9756011962890625,0.9796440601348877,0.004394086796220124,274,134724,6576,,,,,
4,2022-07-26,magnitud,5,regresion agrupada (L1),,1.1944202184677124,1.1934988498687744,0.9459038972854614,0.9472559690475464,0.0035091191431077117,274,134724,6576,,,,,
4,2022-07-26,magnitud,10,volatilidad reciente,,1.263235330581665,1.2664225101470947,1.0,1.0,0.0,274,134450,6302,,,,,
4,2022-07-26,magnitud,10,mediana de la ventana,,1.2047288417816162,1.2034146785736084,0.9537807106971741,0.9540015459060669,0.0034117951908133686,274,134450,6302,,,,,
4,2022-07-26,magnitud,10,media reescalada (c global),,1.1939904689788818,1.1971607208251953,0.9453177452087402,0.9462371468544006,0.00342213817738414,274,134450,6302,,,,,0.7297
4,2022-07-26,magnitud,10,media reescalada (c por serie),,1.1942307949066162,1.1972248554229736,0.9455952048301697,0.9460647106170654,0.0034484725311548048,274,134450,6302,,,,,
4,2022-07-26,magnitud,10,EWMA RiskMetrics,,1.1879909038543701,1.1876132488250732,0.9405585527420044,0.9391422271728516,0.0037029528058796723,274,134450,6302,,,,,0.7389
4,2022-07-26,magnitud,10,EWMA ajustado,,1.1879909038543701,1.1876132488250732,0.9405585527420044,0.9391422271728516,0.0037029528058796723,274,134450,6302,,,,,0.94
4,2022-07-26,magnitud,10,HAR,,1.1832419633865356,1.1869752407073975,0.9372256994247437,0.9364215731620789,0.00354253253953871,274,134450,6302,,,,,
4,2022-07-26,magnitud,10,"GARCH(1,1) agrupado",,1.2074236869812012,1.1947920322418213,0.9547475576400757,0.9534763097763062,0.0050883573504632,274,134450,6302,,,,,0.5249
4,2022-07-26,magnitud,10,regresion agrupada (L2),,1.2259173393249512,1.2266051769256592,0.971595048904419,0.9748165607452393,0.004028731226814987,274,134450,6302,,,,,
4,2022-07-26,magnitud,10,regresion agrupada (L1),,1.1972322463989258,1.194501280784607,0.948329508304596,0.9505443572998047,0.0032628519531975385,274,134450,6302,,,,,
4,2022-07-26,magnitud,20,volatilidad reciente,,1.265655755996704,1.2605643272399902,1.0,1.0,0.0,274,133902,5754,,,,,
4,2022-07-26,magnitud,20,mediana de la ventana,,1.2109332084655762,1.2086554765701294,0.9569021463394165,0.9576365351676941,0.0037462374777571033,274,133902,5754,,,,,
4,2022-07-26,magnitud,20,media reescalada (c global),,1.1998759508132935,1.1989916563034058,0.9481766819953918,0.9491249918937683,0.0037667944955197116,274,133902,5754,,,,,0.7218
4,2022-07-26,magnitud,20,media reescalada (c por serie),,1.200258731842041,1.202562928199768,0.9485570788383484,0.9485113620758057,0.00378812389523782,274,133902,5754,,,,,
4,2022-07-26,magnitud,20,EWMA RiskMetrics,,1.2000329494476318,1.1987786293029785,0.9482297301292419,0.9494407176971436,0.0037742752578159913,274,133902,5754,,,,,0.7265
4,2022-07-26,magnitud,20,EWMA ajustado,,1.1984738111495972,1.1935644149780273,0.9470095634460449,0.9494169354438782,0.0037020172604866025,274,133902,5754,,,,,0.96
4,2022-07-26,magnitud,20,HAR,,1.1925644874572754,1.1933677196502686,0.9427741765975952,0.9438245296478271,0.0033365966507594553,274,133902,5754,,,,,
4,2022-07-26,magnitud,20,"GARCH(1,1) agrupado",,1.2204228639602661,1.2061786651611328,0.9627571702003479,0.9616815447807312,0.005472942349881675,274,133902,5754,,,,,0.5122
4,2022-07-26,magnitud,20,regresion agrupada (L2),,1.223474383354187,1.2221286296844482,0.9678674340248108,0.9721405506134033,0.0034766374661684882,274,133902,5754,,,,,
4,2022-07-26,magnitud,20,regresion agrupada (L1),,1.2035753726959229,1.1997499465942383,0.9516111612319946,0.9538642764091492,0.003044490212172059,274,133902,5754,,,,,
5,2023-01-25,magnitud,1,volatilidad reciente,,0.9895904064178467,0.9479873180389404,1.0,1.0,0.0,274,141574,6850,,,,,
5,2023-01-25,magnitud,1,mediana de la ventana,,0.9624542593955994,0.936998724937439,0.9737688899040222,0.9778271317481995,0.008424525725330662,274,141574,6850,,,,,
5,2023-01-25,magnitud,1,media reescalada (c global),,0.9570098519325256,0.9308027029037476,0.9692743420600891,0.9674631357192993,0.008978755689217724,274,141574,6850,,,,,0.7551
5,2023-01-25,magnitud,1,media reescalada (c por serie),,0.9576928615570068,0.9369901418685913,0.9700723886489868,0.9708182215690613,0.009148280025269018,274,141574,6850,,,,,
5,2023-01-25,magnitud,1,EWMA RiskMetrics,,0.9606503844261169,0.9387093782424927,0.9735764265060425,0.9769238829612732,0.009793569140606813,274,141574,6850,,,,,0.7609
5,2023-01-25,magnitud,1,EWMA ajustado,,0.9620534181594849,0.9425204992294312,0.9751020073890686,0.9778907895088196,0.009955471381066939,274,141574,6850,,,,,0.93
5,2023-01-25,magnitud,1,HAR,,0.9643022418022156,0.9418035745620728,0.9770370721817017,0.9727800488471985,0.010151227896819026,274,141574,6850,,,,,
5,2023-01-25,magnitud,1,"GARCH(1,1) agrupado",,0.9656029939651489,0.9484581351280212,0.9790025949478149,0.9785851240158081,0.011161840173927462,274,141574,6850,,,,,0.5498
5,2023-01-25,magnitud,1,regresion agrupada (L2),,0.9920914769172668,0.9523617029190063,1.0064653158187866,1.0014533996582031,0.007035645236894366,274,141574,6850,,,,,
5,2023-01-25,magnitud,1,regresion agrupada (L1),,0.9591055512428284,0.9346418380737305,0.9718751311302185,0.9684401750564575,0.009717773084791869,274,141574,6850,,,,,
5,2023-01-25,magnitud,5,volatilidad reciente,,0.9939314723014832,0.9730823636054993,1.0,1.0,0.0,274,141574,6576,,,,,
5,2023-01-25,magnitud,5,mediana de la ventana,,0.9518405795097351,0.9282536506652832,0.958003580570221,0.958763062953949,0.0033606964531209815,274,141574,6576,,,,,
5,2023-01-25,magnitud,5,media reescalada (c global),,0.9434696435928345,0.9220008850097656,0.9494957327842712,0.9481527805328369,0.0034050924367980224,274,141574,6576,,,,,0.7398
5,2023-01-25,magnitud,5,media reescalada (c por serie),,0.9434499144554138,0.9215884208679199,0.9495000839233398,0.9484063982963562,0.0034027043992310604,274,141574,6576,,,,,
5,2023-01-25,magnitud,5,EWMA RiskMetrics,,0.949012041091919,0.9274733066558838,0.9552008509635925,0.9549851417541504,0.0036634370968835826,274,141574,6576,,,,,0.7507
5,2023-01-25,magnitud,5,EWMA ajustado,,0.950580358505249,0.9273166060447693,0.9567755460739136,0.9563040733337402,0.003727913886138547,274,141574,6576,,,,,0.93
5,2023-01-25,magnitud,5,HAR,,0.955329179763794,0.9307208061218262,0.9626448154449463,0.9643909931182861,0.0032030731456794827,274,141574,6576,,,,,
5,2023-01-25,magnitud,5,"GARCH(1,1) agrupado",,0.9518623948097229,0.9288588166236877,0.957755446434021,0.9565907120704651,0.004418707596316785,274,141574,6576,,,,,0.5365
5,2023-01-25,magnitud,5,regresion agrupada (L2),,0.9992889761924744,0.9783165454864502,1.0080677270889282,1.0097386837005615,0.0040736112995323195,274,141574,6576,,,,,
5,2023-01-25,magnitud,5,regresion agrupada (L1),,0.9559045433998108,0.9324109554290771,0.9630688428878784,0.9631803035736084,0.003028723447883468,274,141574,6576,,,,,
5,2023-01-25,magnitud,10,volatilidad reciente,,0.9902399182319641,0.967698335647583,1.0,1.0,0.0,274,141300,6302,,,,,
5,2023-01-25,magnitud,10,mediana de la ventana,,0.9452268481254578,0.9190175533294678,0.9550321102142334,0.9553139209747314,0.003497381502988503,274,141300,6302,,,,,
5,2023-01-25,magnitud,10,media reescalada (c global),,0.9358932375907898,0.9122504591941833,0.945556640625,0.9439120292663574,0.0035827009022850764,274,141300,6302,,,,,0.7362
5,2023-01-25,magnitud,10,media reescalada (c por serie),,0.9358949065208435,0.9109876155853271,0.9455775618553162,0.9440171718597412,0.0035934728399068918,274,141300,6302,,,,,
5,2023-01-25,magnitud,10,EWMA RiskMetrics,,0.9431408643722534,0.9195623397827148,0.9527818560600281,0.9526678919792175,0.003835006939809452,274,141300,6302,,,,,0.7429
5,2023-01-25,magnitud,10,EWMA ajustado,,0.9431408643722534,0.9195623397827148,0.9527818560600281,0.9526678919792175,0.003835006939809452,274,141300,6302,,,,,0.94
5,2023-01-25,magnitud,10,HAR,,0.9534726142883301,0.9290171265602112,0.9649569988250732,0.9661337733268738,0.0031946836192991964,274,141300,6302,,,,,
5,2023-01-25,magnitud,10,"GARCH(1,1) agrupado",,0.9439260959625244,0.916530966758728,0.9532597661018372,0.9518452286720276,0.004377849221019263,274,141300,6302,,,,,0.5264
5,2023-01-25,magnitud,10,regresion agrupada (L2),,0.9947682619094849,0.9712346792221069,1.0074752569198608,1.0067284107208252,0.0038935436797248248,274,141300,6302,,,,,
5,2023-01-25,magnitud,10,regresion agrupada (L1),,0.9565355181694031,0.9342565536499023,0.9677484631538391,0.9694287776947021,0.0028846334785865083,274,141300,6302,,,,,
5,2023-01-25,magnitud,20,volatilidad reciente,,0.9934420585632324,0.9686195850372314,1.0,1.0,0.0,274,140752,5754,,,,,
5,2023-01-25,magnitud,20,mediana de la ventana,,0.9452001452445984,0.915518581867218,0.9517532587051392,0.9540003538131714,0.0037234931697189976,274,140752,5754,,,,,
5,2023-01-25,magnitud,20,media reescalada (c global),,0.9345356822013855,0.9031593799591064,0.9409155249595642,0.9419964551925659,0.003941001959808769,274,140752,5754,,,,,0.7301
5,2023-01-25,magnitud,20,media reescalada (c por serie),,0.9345548152923584,0.9033665657043457,0.9409528374671936,0.9420968294143677,0.003945668209070234,274,140752,5754,,,,,
5,2023-01-25,magnitud,20,EWMA RiskMetrics,,0.9424476623535156,0.9142799377441406,0.9488345980644226,0.9486942291259766,0.00434772362411854,274,140752,5754,,,,,0.7324
5,2023-01-25,magnitud,20,EWMA ajustado,,0.9380938410758972,0.907976508140564,0.9446194171905518,0.9450428485870361,0.004203115807828689,274,140752,5754,,,,,0.96
5,2023-01-25,magnitud,20,HAR,,0.9550799131393433,0.9309329986572266,0.9643218517303467,0.9653350710868835,0.0037303021487585268,274,140752,5754,,,,,
5,2023-01-25,magnitud,20,"GARCH(1,1) agrupado",,0.9414330720901489,0.909712553024292,0.9473026990890503,0.9470676779747009,0.004840451549533797,274,140752,5754,,,,,0.5135
5,2023-01-25,magnitud,20,regresion agrupada (L2),,0.9921901822090149,0.9644668102264404,1.0026445388793945,1.002218246459961,0.004210534455492184,274,140752,5754,,,,,
5,2023-01-25,magnitud,20,regresion agrupada (L1),,0.9602402448654175,0.9368701577186584,0.9691159725189209,0.9701976776123047,0.0032181548485833004,274,140752,5754,,,,,
6,2023-07-27,magnitud,1,volatilidad reciente,,0.9582473039627075,0.9050130844116211,1.0,1.0,0.0,274,148424,6850,,,,,
6,2023-07-27,magnitud,1,mediana de la ventana,,0.9282615780830383,0.8530714511871338,0.9651954770088196,0.9728767275810242,0.007331054778617217,274,148424,6850,,,,,
6,2023-07-27,magnitud,1,media reescalada (c global),,0.9260352253913879,0.8691291213035583,0.9628723859786987,0.9618962407112122,0.007887765276861365,274,148424,6850,,,,,0.7544
6,2023-07-27,magnitud,1,media reescalada (c por serie),,0.9270424842834473,0.8698227405548096,0.9643957018852234,0.9641861915588379,0.00793712660525991,274,148424,6850,,,,,
6,2023-07-27,magnitud,1,EWMA RiskMetrics,,0.9272922277450562,0.861931324005127,0.9648144841194153,0.96625155210495,0.008561588414161277,274,148424,6850,,,,,0.7608
6,2023-07-27,magnitud,1,EWMA ajustado,,0.9286248683929443,0.8630862832069397,0.9663943648338318,0.9661861658096313,0.00875959816072294,274,148424,6850,,,,,0.93
6,2023-07-27,magnitud,1,HAR,,0.9271280169487,0.8625995516777039,0.9647110104560852,0.9625673890113831,0.008426134404298588,274,148424,6850,,,,,
6,2023-07-27,magnitud,1,"GARCH(1,1) agrupado",,0.9319640398025513,0.8619402647018433,0.9697051644325256,0.9725497961044312,0.00838117601313122,274,148424,6850,,,,,0.55
6,2023-07-27,magnitud,1,regresion agrupada (L2),,0.963829755783081,0.8987547159194946,1.0120439529418945,1.0082141160964966,0.007876940226727459,274,148424,6850,,,,,
6,2023-07-27,magnitud,1,regresion agrupada (L1),,0.9264571070671082,0.8458795547485352,0.9635098576545715,0.9619799852371216,0.008675867635728767,274,148424,6850,,,,,
6,2023-07-27,magnitud,5,volatilidad reciente,,0.9090868234634399,0.875436544418335,1.0,1.0,0.0,274,148424,6576,,,,,
6,2023-07-27,magnitud,5,mediana de la ventana,,0.8640276193618774,0.8271774053573608,0.951076328754425,0.9518383741378784,0.003361586537804549,274,148424,6576,,,,,
6,2023-07-27,magnitud,5,media reescalada (c global),,0.8598799109458923,0.8245787024497986,0.946541428565979,0.9452742338180542,0.0033805375772354407,274,148424,6576,,,,,0.7397
6,2023-07-27,magnitud,5,media reescalada (c por serie),,0.86020427942276,0.8236894011497498,0.9469349384307861,0.9458072185516357,0.0034109609192781005,274,148424,6576,,,,,
6,2023-07-27,magnitud,5,EWMA RiskMetrics,,0.862712025642395,0.8260749578475952,0.9497660398483276,0.9485145807266235,0.0035438128661543396,274,148424,6576,,,,,0.7516
6,2023-07-27,magnitud,5,EWMA ajustado,,0.8639811873435974,0.8278343677520752,0.9511936902999878,0.9504320621490479,0.003618407588962738,274,148424,6576,,,,,0.93
6,2023-07-27,magnitud,5,HAR,,0.8748998045921326,0.8347346782684326,0.9651031494140625,0.9676639437675476,0.003456823123363092,274,148424,6576,,,,,
6,2023-07-27,magnitud,5,"GARCH(1,1) agrupado",,0.8646820783615112,0.8231484293937683,0.9520330429077148,0.9519237279891968,0.003878950791974663,274,148424,6576,,,,,0.5379
6,2023-07-27,magnitud,5,regresion agrupada (L2),,0.915260374546051,0.87762451171875,1.011196255683899,1.008328914642334,0.004647403771898376,274,148424,6576,,,,,
6,2023-07-27,magnitud,5,regresion agrupada (L1),,0.874203622341156,0.8353853225708008,0.9639157652854919,0.9653318524360657,0.00323249185105275,274,148424,6576,,,,,
6,2023-07-27,magnitud,10,volatilidad reciente,,0.9049252271652222,0.865016520023346,1.0,1.0,0.0,274,148150,6302,,,,,
6,2023-07-27,magnitud,10,mediana de la ventana,,0.8602849841117859,0.8244835734367371,0.9514371752738953,0.9515594840049744,0.003465991783289399,274,148150,6302,,,,,
6,2023-07-27,magnitud,10,media reescalada (c global),,0.85600346326828,0.8215249180793762,0.9466508030891418,0.9447473287582397,0.003592259354037411,274,148150,6302,,,,,0.7359
6,2023-07-27,magnitud,10,media reescalada (c por serie),,0.8563506603240967,0.8214516043663025,0.9470832943916321,0.9449290037155151,0.003634995571711592,274,148150,6302,,,,,
6,2023-07-27,magnitud,10,EWMA RiskMetrics,,0.859656035900116,0.8219770193099976,0.9508702754974365,0.9496790766716003,0.003682536671305917,274,148150,6302,,,,,0.7439
6,2023-07-27,magnitud,10,EWMA ajustado,,0.8584485054016113,0.8206139802932739,0.9494777917861938,0.9478534460067749,0.003623037604688411,274,148150,6302,,,,,0.95
6,2023-07-27,magnitud,10,HAR,,0.8788877129554749,0.8438290357589722,0.9754621982574463,0.9737826585769653,0.00381224282710582,274,148150,6302,,,,,
6,2023-07-27,magnitud,10,"GARCH(1,1) agrupado",,0.8602818250656128,0.824844241142273,0.9519640207290649,0.9514350891113281,0.003961453877812281,274,148150,6302,,,,,0.5285
6,2023-07-27,magnitud,10,regresion agrupada (L2),,0.9126114845275879,0.8814630508422852,1.0142439603805542,1.0103070735931396,0.004912020209471082,274,148150,6302,,,,,
6,2023-07-27,magnitud,10,regresion agrupada (L1),,0.877979040145874,0.8437803387641907,0.9736860394477844,0.9750226736068726,0.003325848118651443,274,148150,6302,,,,,
6,2023-07-27,magnitud,20,volatilidad reciente,,0.9028159976005554,0.8591323494911194,1.0,1.0,0.0,274,147602,5754,,,,,
6,2023-07-27,magnitud,20,mediana de la ventana,,0.862747848033905,0.8238611817359924,0.9562476873397827,0.9571024179458618,0.003603994968679463,274,147602,5754,,,,,
6,2023-07-27,magnitud,20,media reescalada (c global),,0.8588829040527344,0.8212611675262451,0.9518899321556091,0.9508184194564819,0.003933257885482206,274,147602,5754,,,,,0.7293
6,2023-07-27,magnitud,20,media reescalada (c por serie),,0.8591806292533875,0.821427583694458,0.9522919058799744,0.9510295391082764,0.0039744650929566,274,147602,5754,,,,,
6,2023-07-27,magnitud,20,EWMA RiskMetrics,,0.8656140565872192,0.8255127668380737,0.9593297839164734,0.9584563970565796,0.0038119133494884387,274,147602,5754,,,,,0.7325
6,2023-07-27,magnitud,20,EWMA ajustado,,0.8623813390731812,0.8233653903007507,0.9556925892829895,0.9551920890808105,0.0037596425356817608,274,147602,5754,,,,,0.96
6,2023-07-27,magnitud,20,HAR,,0.8881064057350159,0.8530325889587402,0.9890506267547607,0.9856730699539185,0.004325434823387524,274,147602,5754,,,,,
6,2023-07-27,magnitud,20,"GARCH(1,1) agrupado",,0.8629359602928162,0.8235912322998047,0.9570330381393433,0.9568581581115723,0.004054025835645555,274,147602,5754,,,,,0.5155
6,2023-07-27,magnitud,20,regresion agrupada (L2),,0.9178559184074402,0.8889591693878174,1.0239776372909546,1.0166096687316895,0.005388149124539636,274,147602,5754,,,,,
6,2023-07-27,magnitud,20,regresion agrupada (L1),,0.8863396048545837,0.8510419726371765,0.986221194267273,0.9842535257339478,0.0036335599585139997,274,147602,5754,,,,,
7,2024-01-26,magnitud,1,volatilidad reciente,,0.8873789310455322,0.8089296817779541,1.0,1.0,0.0,274,155548,6850,,,,,
7,2024-01-26,magnitud,1,mediana de la ventana,,0.8445493578910828,0.7714390754699707,0.9470711350440979,0.9540426731109619,0.008847020455413511,274,155548,6850,,,,,
7,2024-01-26,magnitud,1,media reescalada (c global),,0.8391940593719482,0.765312671661377,0.9410948157310486,0.9402831792831421,0.009099977346264025,274,155548,6850,,,,,0.756
7,2024-01-26,magnitud,1,media reescalada (c por serie),,0.8402215242385864,0.7660149335861206,0.9423753619194031,0.9400668144226074,0.008894260884176674,274,155548,6850,,,,,
7,2024-01-26,magnitud,1,EWMA RiskMetrics,,0.8445357084274292,0.7703616619110107,0.9482381939888,0.9442617893218994,0.009576382176331832,274,155548,6850,,,,,0.763
7,2024-01-26,magnitud,1,EWMA ajustado,,0.8445357084274292,0.7703616619110107,0.9482381939888,0.9442617893218994,0.009576382176331832,274,155548,6850,,,,,0.94
7,2024-01-26,magnitud,1,HAR,,0.849418580532074,0.7694599628448486,0.9555479288101196,0.9499033689498901,0.008756298883488781,274,155548,6850,,,,,
7,2024-01-26,magnitud,1,"GARCH(1,1) agrupado",,0.8550057411193848,0.7741935849189758,0.9622132182121277,0.956251323223114,0.009089069476619737,274,155548,6850,,,,,0.5523
7,2024-01-26,magnitud,1,regresion agrupada (L2),,0.9156493544578552,0.8423893451690674,1.043532371520996,1.0387966632843018,0.00873355592576878,274,155548,6850,,,,,
7,2024-01-26,magnitud,1,regresion agrupada (L1),,0.849075973033905,0.7713942527770996,0.954548180103302,0.9528235197067261,0.008563895657695015,274,155548,6850,,,,,
7,2024-01-26,magnitud,5,volatilidad reciente,,0.8760566711425781,0.8418477773666382,1.0,1.0,0.0,274,155274,6576,,,,,
7,2024-01-26,magnitud,5,mediana de la ventana,,0.8457532525062561,0.8189493417739868,0.9666586518287659,0.9681762456893921,0.00351444839855825,274,155274,6576,,,,,
7,2024-01-26,magnitud,5,media reescalada (c global),,0.8432180881500244,0.8179490566253662,0.9641114473342896,0.9622635841369629,0.0036347459879153654,274,155274,6576,,,,,0.7396
7,2024-01-26,magnitud,5,media reescalada (c por serie),,0.8433409929275513,0.8223724365234375,0.9642665982246399,0.9623030424118042,0.003671837200755684,274,155274,6576,,,,,
7,2024-01-26,magnitud,5,EWMA RiskMetrics,,0.849776029586792,0.8262486457824707,0.9713638424873352,0.9708473682403564,0.0036076988912387945,274,155274,6576,,,,,0.7515
7,2024-01-26,magnitud,5,EWMA ajustado,,0.849776029586792,0.8262486457824707,0.9713638424873352,0.9708473682403564,0.0036076988912387945,274,155274,6576,,,,,0.94
7,2024-01-26,magnitud,5,HAR,,0.8626425266265869,0.8346261382102966,0.9876512885093689,0.9877230525016785,0.0035396428587961036,274,155274,6576,,,,,
7,2024-01-26,magnitud,5,"GARCH(1,1) agrupado",,0.8564965724945068,0.824670672416687,0.9783643484115601,0.9763489961624146,0.003997570386034514,274,155274,6576,,,,,0.5388
7,2024-01-26,magnitud,5,regresion agrupada (L2),,0.9069368839263916,0.8864116668701172,1.0395206212997437,1.0399439334869385,0.004634775596989566,274,155274,6576,,,,,
7,2024-01-26,magnitud,5,regresion agrupada (L1),,0.861411452293396,0.8374769687652588,0.9855675101280212,0.9861810207366943,0.002875052296479423,274,155274,6576,,,,,
7,2024-01-26,magnitud,10,volatilidad reciente,,0.8645265698432922,0.8348046541213989,1.0,1.0,0.0,274,155000,6302,,,,,
7,2024-01-26,magnitud,10,mediana de la ventana,,0.831610381603241,0.8149744272232056,0.9631724953651428,0.9646776914596558,0.0036609705158135697,274,155000,6302,,,,,
7,2024-01-26,magnitud,10,media reescalada (c global),,0.8289445042610168,0.8082379102706909,0.9604593515396118,0.9570330381393433,0.0037196371113199463,274,155000,6302,,,,,0.7358
7,2024-01-26,magnitud,10,media reescalada (c por serie),,0.8290766477584839,0.8077083826065063,0.9606346487998962,0.9583069086074829,0.003755050553916018,274,155000,6302,,,,,
7,2024-01-26,magnitud,10,EWMA RiskMetrics,,0.8361086845397949,0.8156396150588989,0.9685881733894348,0.9675682783126831,0.003688355192016146,274,155000,6302,,,,,0.7439
7,2024-01-26,magnitud,10,EWMA ajustado,,0.8342748284339905,0.8132826685905457,0.9664920568466187,0.9655300378799438,0.0036552240120688883,274,155000,6302,,,,,0.95
7,2024-01-26,magnitud,10,HAR,,0.8571164608001709,0.8363089561462402,0.9962661862373352,0.9969231486320496,0.004211227168679547,274,155000,6302,,,,,
7,2024-01-26,magnitud,10,"GARCH(1,1) agrupado",,0.8414384126663208,0.8160773515701294,0.9746583700180054,0.9733297228813171,0.0040342045161966215,274,155000,6302,,,,,0.5297
7,2024-01-26,magnitud,10,regresion agrupada (L2),,0.8946977257728577,0.8715246915817261,1.041092038154602,1.0411773920059204,0.0052059516029760635,274,155000,6302,,,,,
7,2024-01-26,magnitud,10,regresion agrupada (L1),,0.8548846244812012,0.8349660634994507,0.9925715327262878,0.9915279746055603,0.003288494944098944,274,155000,6302,,,,,
7,2024-01-26,magnitud,20,volatilidad reciente,,0.8575031757354736,0.8296889066696167,1.0,1.0,0.0,274,154452,6028,,,,,
7,2024-01-26,magnitud,20,mediana de la ventana,,0.8244221210479736,0.8057470321655273,0.9627821445465088,0.9659674167633057,0.003839080849529285,274,154452,6028,,,,,
7,2024-01-26,magnitud,20,media reescalada (c global),,0.8220468759536743,0.8007459044456482,0.9604215025901794,0.9579220414161682,0.004024946285169414,274,154452,6028,,,,,0.7288
7,2024-01-26,magnitud,20,media reescalada (c por serie),,0.8222058415412903,0.7995027899742126,0.9606465697288513,0.9579776525497437,0.004058382411955164,274,154452,6028,,,,,
7,2024-01-26,magnitud,20,EWMA RiskMetrics,,0.8293032050132751,0.8083249926567078,0.9687134623527527,0.9675078392028809,0.0038727528318772035,274,154452,6028,,,,,0.7327
7,2024-01-26,magnitud,20,EWMA ajustado,,0.8256596922874451,0.8067365884780884,0.9645276665687561,0.9628911018371582,0.003863141717718812,274,154452,6028,,,,,0.96
7,2024-01-26,magnitud,20,HAR,,0.8557925224304199,0.8319540023803711,1.004906415939331,1.0018755197525024,0.0053243434433823695,274,154452,6028,,,,,
7,2024-01-26,magnitud,20,"GARCH(1,1) agrupado",,0.832287073135376,0.8084609508514404,0.9728350043296814,0.9715885519981384,0.004320545321532862,274,154452,6028,,,,,0.5174
7,2024-01-26,magnitud,20,regresion agrupada (L2),,0.887275218963623,0.8625737428665161,1.0432947874069214,1.0395724773406982,0.006341596584926384,274,154452,6028,,,,,
7,2024-01-26,magnitud,20,regresion agrupada (L1),,0.853425145149231,0.8317363262176514,1.0006047487258911,1.0009236335754395,0.004107851765802031,274,154452,6028,,,,,
8,2024-07-29,magnitud,1,volatilidad reciente,,1.0393215417861938,0.9957243204116821,1.0,1.0,0.0,274,162398,6576,,,,,
8,2024-07-29,magnitud,1,mediana de la ventana,,1.013436198234558,0.979008674621582,0.974341630935669,0.9708282947540283,0.007402349323979386,274,162398,6576,,,,,
8,2024-07-29,magnitud,1,media reescalada (c global),,1.0095744132995605,0.9714513421058655,0.9700437784194946,0.9660304188728333,0.007342778690502367,274,162398,6576,,,,,0.7571
8,2024-07-29,magnitud,1,media reescalada (c por serie),,1.0111322402954102,0.9788358807563782,0.9717277884483337,0.9653682708740234,0.007723060676229359,274,162398,6576,,,,,
8,2024-07-29,magnitud,1,EWMA RiskMetrics,,1.0109825134277344,0.9695421457290649,0.9709189534187317,0.9745523929595947,0.008069404666941941,274,162398,6576,,,,,0.764
8,2024-07-29,magnitud,1,EWMA ajustado,,1.0109825134277344,0.9695421457290649,0.9709189534187317,0.9745523929595947,0.008069404666941941,274,162398,6576,,,,,0.94
8,2024-07-29,magnitud,1,HAR,,1.008833885192871,0.9631502628326416,0.9690213203430176,0.9692648649215698,0.008206759924695092,274,162398,6576,,,,,
8,2024-07-29,magnitud,1,"GARCH(1,1) agrupado",,1.0145292282104492,0.9793366193771362,0.9744746088981628,0.9686368703842163,0.00880130948695617,274,162398,6576,,,,,0.5519
8,2024-07-29,magnitud,1,regresion agrupada (L2),,1.0399398803710938,0.9978729486465454,1.0031386613845825,1.003889560699463,0.0068148394201006076,274,162398,6576,,,,,
8,2024-07-29,magnitud,1,regresion agrupada (L1),,1.0065758228302002,0.9706895351409912,0.9666922688484192,0.9630259871482849,0.007912470696892545,274,162398,6576,,,,,
8,2024-07-29,magnitud,5,volatilidad reciente,,0.958305835723877,0.9223711490631104,1.0,1.0,0.0,274,162124,6576,,,,,
8,2024-07-29,magnitud,5,mediana de la ventana,,0.9070650935173035,0.8830129504203796,0.9475405216217041,0.9507073760032654,0.003869068713983398,274,162124,6576,,,,,
8,2024-07-29,magnitud,5,media reescalada (c global),,0.9031500220298767,0.8746472597122192,0.9432535767555237,0.9444617033004761,0.0035892308155831077,274,162124,6576,,,,,0.7394
8,2024-07-29,magnitud,5,media reescalada (c por serie),,0.9031860828399658,0.8749613761901855,0.9432997703552246,0.9451804161071777,0.0036156002776244773,274,162124,6576,,,,,
8,2024-07-29,magnitud,5,EWMA RiskMetrics,,0.9081353545188904,0.8731586933135986,0.9489166736602783,0.950809121131897,0.0037505690731817875,274,162124,6576,,,,,0.751
8,2024-07-29,magnitud,5,EWMA ajustado,,0.9081353545188904,0.8731586933135986,0.9489166736602783,0.950809121131897,0.0037505690731817875,274,162124,6576,,,,,0.94
8,2024-07-29,magnitud,5,HAR,,0.9225659966468811,0.8905072212219238,0.9656944274902344,0.9674575924873352,0.0036883036548751758,274,162124,6576,,,,,
8,2024-07-29,magnitud,5,"GARCH(1,1) agrupado",,0.909578263759613,0.8748234510421753,0.950356125831604,0.9518873691558838,0.004042423452389766,274,162124,6576,,,,,0.5378
8,2024-07-29,magnitud,5,regresion agrupada (L2),,0.9664114117622375,0.9366204738616943,1.012099266052246,1.0136337280273438,0.0045803433740043845,274,162124,6576,,,,,
8,2024-07-29,magnitud,5,regresion agrupada (L1),,0.9202537536621094,0.8917000889778137,0.9626626372337341,0.9658432006835938,0.0033408857111638626,274,162124,6576,,,,,
8,2024-07-29,magnitud,10,volatilidad reciente,,0.9416932463645935,0.9128484725952148,1.0,1.0,0.0,274,161850,6302,,,,,
8,2024-07-29,magnitud,10,mediana de la ventana,,0.8878698348999023,0.8656955361366272,0.9438675045967102,0.9466518759727478,0.004001246402019695,274,161850,6302,,,,,
8,2024-07-29,magnitud,10,media reescalada (c global),,0.8833079934120178,0.8571653366088867,0.938888669013977,0.9407640695571899,0.003786872600461427,274,161850,6302,,,,,0.7358
8,2024-07-29,magnitud,10,media reescalada (c por serie),,0.8832316994667053,0.8573533296585083,0.9388253092765808,0.940926194190979,0.0038267582966180183,274,161850,6302,,,,,
8,2024-07-29,magnitud,10,EWMA RiskMetrics,,0.8905394673347473,0.8635976314544678,0.9467814564704895,0.9496232271194458,0.003973479810846698,274,161850,6302,,,,,0.7436
8,2024-07-29,magnitud,10,EWMA ajustado,,0.8885204195976257,0.8614453673362732,0.9446212649345398,0.9472082853317261,0.003924400248825858,274,161850,6302,,,,,0.95
8,2024-07-29,magnitud,10,HAR,,0.9147478342056274,0.8859652280807495,0.975295901298523,0.9767252206802368,0.00407483918879491,274,161850,6302,,,,,
8,2024-07-29,magnitud,10,"GARCH(1,1) agrupado",,0.8901880383491516,0.8593780994415283,0.9465330839157104,0.9493540525436401,0.00424364965667521,274,161850,6302,,,,,0.5292
8,2024-07-29,magnitud,10,regresion agrupada (L2),,0.9510778784751892,0.9274468421936035,1.0140575170516968,1.0159367322921753,0.0046933951564153194,274,161850,6302,,,,,
8,2024-07-29,magnitud,10,regresion agrupada (L1),,0.9116455912590027,0.8856402635574341,0.9710107445716858,0.9739305973052979,0.0034851692260557316,274,161850,6302,,,,,
8,2024-07-29,magnitud,20,volatilidad reciente,,0.9300639033317566,0.9008817076683044,1.0,1.0,0.0,274,161302,5754,,,,,
8,2024-07-29,magnitud,20,mediana de la ventana,,0.8731057643890381,0.8468379378318787,0.9399285912513733,0.9431694746017456,0.00435394769036601,274,161302,5754,,,,,
8,2024-07-29,magnitud,20,media reescalada (c global),,0.8682721853256226,0.8386037349700928,0.9346069693565369,0.9369075298309326,0.004333800494147973,274,161302,5754,,,,,0.7293
8,2024-07-29,magnitud,20,media reescalada (c por serie),,0.8682197332382202,0.8390676975250244,0.9345771074295044,0.9382126331329346,0.004374655268597217,274,161302,5754,,,,,
8,2024-07-29,magnitud,20,EWMA RiskMetrics,,0.877140998840332,0.8500234484672546,0.9442319273948669,0.948261022567749,0.004410713263034942,274,161302,5754,,,,,0.7329
8,2024-07-29,magnitud,20,EWMA ajustado,,0.8728018403053284,0.8448089361190796,0.9395569562911987,0.9432888031005859,0.004358130075640201,274,161302,5754,,,,,0.96
8,2024-07-29,magnitud,20,HAR,,0.9108458161354065,0.8767610788345337,0.9843600988388062,0.9850504398345947,0.004808361689897757,274,161302,5754,,,,,
8,2024-07-29,magnitud,20,"GARCH(1,1) agrupado",,0.8748776316642761,0.8505016565322876,0.942162036895752,0.9470265507698059,0.004674005488653638,274,161302,5754,,,,,0.5177
8,2024-07-29,magnitud,20,regresion agrupada (L2),,0.9423425197601318,0.9159013032913208,1.0185508728027344,1.020923376083374,0.005217404100922306,274,161302,5754,,,,,
8,2024-07-29,magnitud,20,regresion agrupada (L1),,0.9075028896331787,0.8807961940765381,0.979537308216095,0.9819790124893188,0.003955977887794439,274,161302,5754,,,,,
9,2025-01-29,magnitud,1,volatilidad reciente,,1.331241250038147,1.295985221862793,1.0,1.0,0.0,274,169248,6576,,,,,
9,2025-01-29,magnitud,1,mediana de la ventana,,1.2793028354644775,1.2176387310028076,0.9629611372947693,0.963668704032898,0.008130971970788773,274,169248,6576,,,,,
9,2025-01-29,magnitud,1,media reescalada (c global),,1.2801533937454224,1.2204608917236328,0.96306973695755,0.9607673287391663,0.007441161967349315,274,169248,6576,,,,,0.7562
9,2025-01-29,magnitud,1,media reescalada (c por serie),,1.2831013202667236,1.227182149887085,0.9650660753250122,0.9603024125099182,0.00755446895988191,274,169248,6576,,,,,
9,2025-01-29,magnitud,1,EWMA RiskMetrics,,1.2634299993515015,1.2058398723602295,0.952640950679779,0.9485132694244385,0.008252659037474927,274,169248,6576,,,,,0.7629
9,2025-01-29,magnitud,1,EWMA ajustado,,1.2634299993515015,1.2058398723602295,0.952640950679779,0.9485132694244385,0.008252659037474927,274,169248,6576,,,,,0.94
9,2025-01-29,magnitud,1,HAR,,1.2530699968338013,1.1926286220550537,0.944782555103302,0.9417819976806641,0.009777036745953241,274,169248,6576,,,,,
9,2025-01-29,magnitud,1,"GARCH(1,1) agrupado",,1.259074330329895,1.1947062015533447,0.948458731174469,0.9418391585350037,0.01020719138053417,274,169248,6576,,,,,0.5494
9,2025-01-29,magnitud,1,regresion agrupada (L2),,1.2624824047088623,1.2172307968139648,0.952735424041748,0.952438473701477,0.007192207419359121,274,169248,6576,,,,,
9,2025-01-29,magnitud,1,regresion agrupada (L1),,1.2486889362335205,1.1904652118682861,0.9408422112464905,0.9370850324630737,0.009118407387959781,274,169248,6576,,,,,
9,2025-01-29,magnitud,5,volatilidad reciente,,1.265574336051941,1.230071783065796,1.0,1.0,0.0,274,168974,6302,,,,,
9,2025-01-29,magnitud,5,mediana de la ventana,,1.172623634338379,1.1455291509628296,0.9287509322166443,0.9291607141494751,0.004174349981258716,274,168974,6302,,,,,
9,2025-01-29,magnitud,5,media reescalada (c global),,1.1780182123184204,1.1520612239837646,0.9322681427001953,0.9319552779197693,0.0031481003453466576,274,168974,6302,,,,,0.7406
9,2025-01-29,magnitud,5,media reescalada (c por serie),,1.1783370971679688,1.1540913581848145,0.9324862360954285,0.9319867491722107,0.0031784410929319544,274,168974,6302,,,,,
9,2025-01-29,magnitud,5,EWMA RiskMetrics,,1.1681667566299438,1.1319406032562256,0.9247930645942688,0.9235854148864746,0.0038015802652504307,274,168974,6302,,,,,0.7517
9,2025-01-29,magnitud,5,EWMA ajustado,,1.1681667566299438,1.1319406032562256,0.9247930645942688,0.9235854148864746,0.0038015802652504307,274,168974,6302,,,,,0.94
9,2025-01-29,magnitud,5,HAR,,1.1657991409301758,1.1300400495529175,0.9239497780799866,0.9245593547821045,0.004137863935982016,274,168974,6302,,,,,
9,2025-01-29,magnitud,5,"GARCH(1,1) agrupado",,1.1605286598205566,1.1284809112548828,0.9183735847473145,0.9172993898391724,0.00461305302965017,274,168974,6302,,,,,0.5367
9,2025-01-29,magnitud,5,regresion agrupada (L2),,1.2118301391601562,1.177983045578003,0.9601921439170837,0.961268961429596,0.004353072684234605,274,168974,6302,,,,,
9,2025-01-29,magnitud,5,regresion agrupada (L1),,1.1708515882492065,1.1364350318908691,0.9275588989257812,0.9291777610778809,0.0035219876746390376,274,168974,6302,,,,,
9,2025-01-29,magnitud,10,volatilidad reciente,,1.2817349433898926,1.2438669204711914,1.0,1.0,0.0,274,168700,6028,,,,,
9,2025-01-29,magnitud,10,mediana de la ventana,,1.1835460662841797,1.1536917686462402,0.9258265495300293,0.9282450079917908,0.004368162939153082,274,168700,6028,,,,,
9,2025-01-29,magnitud,10,media reescalada (c global),,1.1909297704696655,1.1602555513381958,0.9306824207305908,0.9307677745819092,0.0032229057177792834,274,168700,6028,,,,,0.7367
9,2025-01-29,magnitud,10,media reescalada (c por serie),,1.191205382347107,1.1629972457885742,0.9308589696884155,0.9315436482429504,0.003258092306933879,274,168700,6028,,,,,
9,2025-01-29,magnitud,10,EWMA RiskMetrics,,1.1850343942642212,1.1442840099334717,0.9264796376228333,0.9283907413482666,0.003928133428277443,274,168700,6028,,,,,0.7443
9,2025-01-29,magnitud,10,EWMA ajustado,,1.1843326091766357,1.1445872783660889,0.9259141087532043,0.9274648427963257,0.0037944681397965485,274,168700,6028,,,,,0.95
9,2025-01-29,magnitud,10,HAR,,1.184033989906311,1.1416137218475342,0.9269474744796753,0.9305262565612793,0.00409519568431907,274,168700,6028,,,,,
9,2025-01-29,magnitud,10,"GARCH(1,1) agrupado",,1.1755973100662231,1.1411831378936768,0.918735146522522,0.918799877166748,0.004772793410825757,274,168700,6028,,,,,0.5284
9,2025-01-29,magnitud,10,regresion agrupada (L2),,1.2275878190994263,1.184187412261963,0.9607901573181152,0.9621001482009888,0.004409222061742067,274,168700,6028,,,,,
9,2025-01-29,magnitud,10,regresion agrupada (L1),,1.1932244300842285,1.1540495157241821,0.9336564540863037,0.9360870122909546,0.003508207003228445,274,168700,6028,,,,,
9,2025-01-29,magnitud,20,volatilidad reciente,,1.2930161952972412,1.2455658912658691,1.0,1.0,0.0,274,168426,5754,,,,,
9,2025-01-29,magnitud,20,mediana de la ventana,,1.1921530961990356,1.1531822681427002,0.9244657158851624,0.9266207218170166,0.0045004828606963355,274,168426,5754,,,,,
9,2025-01-29,magnitud,20,media reescalada (c global),,1.2005493640899658,1.1678565740585327,0.9300394654273987,0.9298233985900879,0.003372013919256822,274,168426,5754,,,,,0.7303
9,2025-01-29,magnitud,20,media reescalada (c por serie),,1.2007217407226562,1.1651890277862549,0.9301199913024902,0.9296602010726929,0.00340198693021179,274,168426,5754,,,,,
9,2025-01-29,magnitud,20,EWMA RiskMetrics,,1.1970264911651611,1.1603584289550781,0.9278442859649658,0.9295578002929688,0.004022846090411625,274,168426,5754,,,,,0.734
9,2025-01-29,magnitud,20,EWMA ajustado,,1.1952834129333496,1.158540964126587,0.9263730049133301,0.9269838333129883,0.003769835186836951,274,168426,5754,,,,,0.96
9,2025-01-29,magnitud,20,HAR,,1.1953508853912354,1.1616928577423096,0.9282275438308716,0.9311127662658691,0.004234424733494569,274,168426,5754,,,,,
9,2025-01-29,magnitud,20,"GARCH(1,1) agrupado",,1.1842838525772095,1.1424660682678223,0.9177553653717041,0.9166029691696167,0.005032152609913472,274,168426,5754,,,,,0.5171
9,2025-01-29,magnitud,20,regresion agrupada (L2),,1.2290589809417725,1.1886169910430908,0.954482913017273,0.9599151611328125,0.004416832904682368,274,168426,5754,,,,,
9,2025-01-29,magnitud,20,regresion agrupada (L1),,1.2043431997299194,1.1650344133377075,0.9347403049468994,0.9389892816543579,0.003669269570880887,274,168426,5754,,,,,
10,2025-07-31,magnitud,1,volatilidad reciente,,1.009286642074585,0.975557804107666,1.0,1.0,0.0,274,176098,6576,,,,,
10,2025-07-31,magnitud,1,mediana de la ventana,,0.971515953540802,0.9409745931625366,0.960848867893219,0.9617578387260437,0.008305812059109565,274,176098,6576,,,,,
10,2025-07-31,magnitud,1,media reescalada (c global),,0.9648391008377075,0.9351699948310852,0.9540109038352966,0.9526576995849609,0.008505869788128997,274,176098,6576,,,,,0.7571
10,2025-07-31,magnitud,1,media reescalada (c por serie),,0.9669787287712097,0.9364951252937317,0.9563416838645935,0.9546358585357666,0.008884543094888064,274,176098,6576,,,,,
10,2025-07-31,magnitud,1,EWMA RiskMetrics,,0.9690964818000793,0.9261109232902527,0.9581266641616821,0.961800754070282,0.008862526608308026,274,176098,6576,,,,,0.7632
10,2025-07-31,magnitud,1,EWMA ajustado,,0.9690964818000793,0.9261109232902527,0.9581266641616821,0.961800754070282,0.008862526608308026,274,176098,6576,,,,,0.94
10,2025-07-31,magnitud,1,HAR,,0.9708991646766663,0.9269770383834839,0.9604300856590271,0.9602667093276978,0.008874773993511503,274,176098,6576,,,,,
10,2025-07-31,magnitud,1,"GARCH(1,1) agrupado",,0.9755064249038696,0.9360260963439941,0.963931679725647,0.9620346426963806,0.009291009549076175,274,176098,6576,,,,,0.5484
10,2025-07-31,magnitud,1,regresion agrupada (L2),,1.0194319486618042,0.9918674826622009,1.0158025026321411,1.0176496505737305,0.006601404989836704,274,176098,6576,,,,,
10,2025-07-31,magnitud,1,regresion agrupada (L1),,0.968917727470398,0.9286394119262695,0.9590340256690979,0.9565338492393494,0.008504200794952425,274,176098,6576,,,,,
10,2025-07-31,magnitud,5,volatilidad reciente,,0.9793745875358582,0.9568503499031067,1.0,1.0,0.0,274,176098,6576,,,,,
10,2025-07-31,magnitud,5,mediana de la ventana,,0.9405158758163452,0.9189805388450623,0.9612371325492859,0.9633288979530334,0.003485981217342283,274,176098,6576,,,,,
10,2025-07-31,magnitud,5,media reescalada (c global),,0.9357377886772156,0.9142783880233765,0.9563547372817993,0.9545388221740723,0.0034944180048562105,274,176098,6576,,,,,0.7408
10,2025-07-31,magnitud,5,media reescalada (c por serie),,0.9359479546546936,0.914889931678772,0.9565899968147278,0.9544710516929626,0.00352380272722386,274,176098,6576,,,,,
10,2025-07-31,magnitud,5,EWMA RiskMetrics,,0.9414288401603699,0.9210100769996643,0.9621431827545166,0.9629429578781128,0.003471664019538359,274,176098,6576,,,,,0.751
10,2025-07-31,magnitud,5,EWMA ajustado,,0.9414288401603699,0.9210100769996643,0.9621431827545166,0.9629429578781128,0.003471664019538359,274,176098,6576,,,,,0.94
10,2025-07-31,magnitud,5,HAR,,0.9519079923629761,0.9293304085731506,0.974388837814331,0.9771639108657837,0.003317913199366177,274,176098,6576,,,,,
10,2025-07-31,magnitud,5,"GARCH(1,1) agrupado",,0.9428396821022034,0.9147955179214478,0.9628147482872009,0.9615775346755981,0.003841152687606889,274,176098,6576,,,,,0.5351
10,2025-07-31,magnitud,5,regresion agrupada (L2),,0.9986941814422607,0.9784936904907227,1.0231338739395142,1.0276507139205933,0.003929673691128097,274,176098,6576,,,,,
10,2025-07-31,magnitud,5,regresion agrupada (L1),,0.9528287053108215,0.9327703714370728,0.9746724367141724,0.9785395860671997,0.0028297047886450813,274,176098,6576,,,,,
10,2025-07-31,magnitud,10,volatilidad reciente,,0.9719908833503723,0.9497454166412354,1.0,1.0,0.0,274,175824,6302,,,,,
10,2025-07-31,magnitud,10,mediana de la ventana,,0.9337759613990784,0.9123799800872803,0.961556077003479,0.9637022018432617,0.0036384229041126165,274,175824,6302,,,,,
10,2025-07-31,magnitud,10,media reescalada (c global),,0.9288678765296936,0.9070477485656738,0.9564948678016663,0.9563617706298828,0.0037041993745427016,274,175824,6302,,,,,0.7372
10,2025-07-31,magnitud,10,media reescalada (c por serie),,0.9290479421615601,0.9072606563568115,0.9566946625709534,0.9564069509506226,0.0037157677747928722,274,175824,6302,,,,,
10,2025-07-31,magnitud,10,EWMA RiskMetrics,,0.9353498220443726,0.9135177135467529,0.9631606340408325,0.9646013975143433,0.0035664754799471523,274,175824,6302,,,,,0.744
10,2025-07-31,magnitud,10,EWMA ajustado,,0.9336005449295044,0.9115422368049622,0.961375892162323,0.9621241092681885,0.0035528644985116315,274,175824,6302,,,,,0.95
10,2025-07-31,magnitud,10,HAR,,0.9518722295761108,0.9283388257026672,0.9827165603637695,0.9871432185173035,0.0035016444572428997,274,175824,6302,,,,,
10,2025-07-31,magnitud,10,"GARCH(1,1) agrupado",,0.9359705448150635,0.9084621667861938,0.9630022048950195,0.9622626304626465,0.003917700870605772,274,175824,6302,,,,,0.527
10,2025-07-31,magnitud,10,regresion agrupada (L2),,0.9891366362571716,0.9685960412025452,1.0217852592468262,1.0231146812438965,0.003990359687359038,274,175824,6302,,,,,
10,2025-07-31,magnitud,10,regresion agrupada (L1),,0.9513893127441406,0.9298085570335388,0.9813940525054932,0.9848085641860962,0.002847915853754969,274,175824,6302,,,,,
10,2025-07-31,magnitud,20,volatilidad reciente,,0.9609100818634033,0.9355074167251587,1.0,1.0,0.0,274,175276,5754,,,,,
10,2025-07-31,magnitud,20,mediana de la ventana,,0.9209579229354858,0.8933302164077759,0.9592881202697754,0.9624663591384888,0.004040185525185367,274,175276,5754,,,,,
10,2025-07-31,magnitud,20,media reescalada (c global),,0.9159896969795227,0.8858374357223511,0.954025387763977,0.9568295478820801,0.004218959990355244,274,175276,5754,,,,,0.7309
10,2025-07-31,magnitud,20,media reescalada (c por serie),,0.9161658883094788,0.8879667520523071,0.9542274475097656,0.9569653868675232,0.004215554938202936,274,175276,5754,,,,,
10,2025-07-31,magnitud,20,EWMA RiskMetrics,,0.9221497774124146,0.8951712846755981,0.9604353904724121,0.9631692171096802,0.003945292370531281,274,175276,5754,,,,,0.7336
10,2025-07-31,magnitud,20,EWMA ajustado,,0.9190066456794739,0.8899889588356018,0.9571811556816101,0.9598329067230225,0.003971597017303657,274,175276,5754,,,,,0.96
10,2025-07-31,magnitud,20,HAR,,0.9449998736381531,0.9213405847549438,0.9880890250205994,0.9880907535552979,0.00408338220133302,274,175276,5754,,,,,
10,2025-07-31,magnitud,20,"GARCH(1,1) agrupado",,0.9219884276390076,0.8867337703704834,0.959564208984375,0.9608030319213867,0.004211648467928002,274,175276,5754,,,,,0.516
10,2025-07-31,magnitud,20,regresion agrupada (L2),,0.9748405814170837,0.9476065039634705,1.0201199054718018,1.0164282321929932,0.004579155094072845,274,175276,5754,,,,,
10,2025-07-31,magnitud,20,regresion agrupada (L1),,0.9440441131591797,0.9226329922676086,0.9861114025115967,0.9879946708679199,0.0032943677025863514,274,175276,5754,,,,,
11,2026-01-30,magnitud,1,volatilidad reciente,,1.2476904392242432,1.1563560962677002,1.0,1.0,0.0,274,182948,6576,,,,,
11,2026-01-30,magnitud,1,mediana de la ventana,,1.2219663858413696,1.1140987873077393,0.9754088521003723,0.983948826789856,0.009130579155349433,274,182948,6576,,,,,
11,2026-01-30,magnitud,1,media reescalada (c global),,1.214004635810852,1.1078364849090576,0.9686957597732544,0.9701104164123535,0.00941421257288711,274,182948,6576,,,,,0.7575
11,2026-01-30,magnitud,1,media reescalada (c por serie),,1.2159485816955566,1.1033376455307007,0.9695487022399902,0.9731651544570923,0.009508243324378761,274,182948,6576,,,,,
11,2026-01-30,magnitud,1,EWMA RiskMetrics,,1.2150872945785522,1.1108269691467285,0.9710771441459656,0.9836262464523315,0.009221971385265825,274,182948,6576,,,,,0.7642
11,2026-01-30,magnitud,1,EWMA ajustado,,1.2150872945785522,1.1108269691467285,0.9710771441459656,0.9836262464523315,0.009221971385265825,274,182948,6576,,,,,0.94
11,2026-01-30,magnitud,1,HAR,,1.2186110019683838,1.105333685874939,0.9724645614624023,0.9809824228286743,0.011020537486250221,274,182948,6576,,,,,
11,2026-01-30,magnitud,1,"GARCH(1,1) agrupado",,1.221207857131958,1.1056512594223022,0.974116861820221,0.980631947517395,0.011488873715540464,274,182948,6576,,,,,0.5479
11,2026-01-30,magnitud,1,regresion agrupada (L2),,1.2634035348892212,1.1836473941802979,1.014976143836975,1.0144484043121338,0.007134391749311296,274,182948,6576,,,,,
11,2026-01-30,magnitud,1,regresion agrupada (L1),,1.2175437211990356,1.1091156005859375,0.9708282947540283,0.9798903465270996,0.009986751049840566,274,182948,6576,,,,,
11,2026-01-30,magnitud,5,volatilidad reciente,,1.228226661682129,1.167933702468872,1.0,1.0,0.0,274,182674,6575,,,,,
11,2026-01-30,magnitud,5,mediana de la ventana,,1.2137622833251953,1.1405729055404663,0.9876065254211426,0.9923549294471741,0.004051419271598759,274,182674,6575,,,,,
11,2026-01-30,magnitud,5,media reescalada (c global),,1.212003231048584,1.1519043445587158,0.9870529770851135,0.9886726140975952,0.0037825074721371593,274,182674,6575,,,,,0.7386
11,2026-01-30,magnitud,5,media reescalada (c por serie),,1.2123984098434448,1.1551008224487305,0.9871768355369568,0.9874435663223267,0.003776388280595768,274,182674,6575,,,,,
11,2026-01-30,magnitud,5,EWMA RiskMetrics,,1.2106117010116577,1.1482133865356445,0.9863815903663635,0.9882687330245972,0.003781383557368579,274,182674,6575,,,,,0.7489
11,2026-01-30,magnitud,5,EWMA ajustado,,1.2106117010116577,1.1482133865356445,0.9863815903663635,0.9882687330245972,0.003781383557368579,274,182674,6575,,,,,0.94
11,2026-01-30,magnitud,5,HAR,,1.2101037502288818,1.1465718746185303,0.985755443572998,0.9876980185508728,0.003112602282816067,274,182674,6575,,,,,
11,2026-01-30,magnitud,5,"GARCH(1,1) agrupado",,1.2268872261047363,1.1665494441986084,0.99773770570755,0.9943959712982178,0.004325905184193759,274,182674,6575,,,,,0.5328
11,2026-01-30,magnitud,5,regresion agrupada (L2),,1.2456027269363403,1.1866047382354736,1.0160679817199707,1.0183172225952148,0.0035181394930955934,274,182674,6575,,,,,
11,2026-01-30,magnitud,5,regresion agrupada (L1),,1.2104415893554688,1.148897409439087,0.9859554767608643,0.9872549772262573,0.002849698273652278,274,182674,6575,,,,,
11,2026-01-30,magnitud,10,volatilidad reciente,,1.2140209674835205,1.1594702005386353,1.0,1.0,0.0,274,182400,6301,,,,,
11,2026-01-30,magnitud,10,mediana de la ventana,,1.1991692781448364,1.1356160640716553,0.9871380925178528,0.9914876222610474,0.00429961088986018,274,182400,6301,,,,,
11,2026-01-30,magnitud,10,media reescalada (c global),,1.1984807252883911,1.1401418447494507,0.9874580502510071,0.9890168309211731,0.004060203090865419,274,182400,6301,,,,,0.735
11,2026-01-30,magnitud,10,media reescalada (c por serie),,1.1988505125045776,1.1406049728393555,0.9875584244728088,0.9892084002494812,0.004031776194139555,274,182400,6301,,,,,
11,2026-01-30,magnitud,10,EWMA RiskMetrics,,1.1977288722991943,1.1474353075027466,0.987125813961029,0.9882262349128723,0.0039736409488071115,274,182400,6301,,,,,0.7421
11,2026-01-30,magnitud,10,EWMA ajustado,,1.1963919401168823,1.1453711986541748,0.9860250949859619,0.9870474338531494,0.0039449160818862935,274,182400,6301,,,,,0.95
11,2026-01-30,magnitud,10,HAR,,1.1966320276260376,1.1369948387145996,0.9863340258598328,0.9876081943511963,0.0028285336127428598,274,182400,6301,,,,,
11,2026-01-30,magnitud,10,"GARCH(1,1) agrupado",,1.2157739400863647,1.1624019145965576,0.9995815753936768,0.996915340423584,0.004519979203588235,274,182400,6301,,,,,0.5248
11,2026-01-30,magnitud,10,regresion agrupada (L2),,1.2243269681930542,1.1680028438568115,1.0103672742843628,1.0115790367126465,0.0032159839871780684,274,182400,6301,,,,,
11,2026-01-30,magnitud,10,regresion agrupada (L1),,1.1963151693344116,1.144395112991333,0.9859790802001953,0.9885359406471252,0.0025952276762071557,274,182400,6301,,,,,
11,2026-01-30,magnitud,20,volatilidad reciente,,1.1967740058898926,1.1378333568572998,1.0,1.0,0.0,274,182126,5753,,,,,
11,2026-01-30,magnitud,20,mediana de la ventana,,1.1822911500930786,1.105525016784668,0.9872641563415527,0.9929332733154297,0.004593647608177274,274,182126,5753,,,,,
11,2026-01-30,magnitud,20,media reescalada (c global),,1.1830275058746338,1.112431287765503,0.9885580539703369,0.9901889562606812,0.004484539204736118,274,182126,5753,,,,,0.7293
11,2026-01-30,magnitud,20,media reescalada (c por serie),,1.1834259033203125,1.1144170761108398,0.9886746406555176,0.9896859526634216,0.004448482560616497,274,182126,5753,,,,,
11,2026-01-30,magnitud,20,EWMA RiskMetrics,,1.183218240737915,1.1253361701965332,0.9890922904014587,0.9894775748252869,0.004291123690470369,274,182126,5753,,,,,0.7323
11,2026-01-30,magnitud,20,EWMA ajustado,,1.1807361841201782,1.1217546463012695,0.9869605302810669,0.9876708984375,0.004292962823728047,274,182126,5753,,,,,0.96
11,2026-01-30,magnitud,20,HAR,,1.1815180778503418,1.1211724281311035,0.9878684878349304,0.9895803332328796,0.002968366254110856,274,182126,5753,,,,,
11,2026-01-30,magnitud,20,"GARCH(1,1) agrupado",,1.2047059535980225,1.1365779638290405,1.0033094882965088,0.9980496168136597,0.005146492595795644,274,182126,5753,,,,,0.5142
11,2026-01-30,magnitud,20,regresion agrupada (L2),,1.2003854513168335,1.148071050643921,1.0050288438796997,1.0051016807556152,0.0031241011416838806,274,182126,5753,,,,,
11,2026-01-30,magnitud,20,regresion agrupada (L1),,1.1807972192764282,1.1297634840011597,0.9871508479118347,0.9890978336334229,0.0027228590682402297,274,182126,5753,,,,,
