origen,prueba_desde,tarea,H,metodo,semilla,mase_medio,mase_mediano,mase_rel_medio,mase_rel_mediano,ic95,n_series,n_entrena,n_prueba,epocas,mejor_epoca,grad_inicio,grad_final
0,2021-12-29,nivel,1,cero,,1.0997569561004639,1.0800857543945312,1.0,1.0,0.0,30,16950,3690,,,,
0,2021-12-29,nivel,1,deriva,,1.111365795135498,1.0979766845703125,1.0102492570877075,1.010777235031128,0.004199637492296591,30,16950,3690,,,,
0,2021-12-29,nivel,1,ingenua,,1.5369529724121094,1.4750261306762695,1.3945845365524292,1.403796672821045,0.02384004622970637,30,16950,3690,,,,
0,2021-12-29,nivel,1,regresion agrupada,,1.1414084434509277,1.1348329782485962,1.0380984544754028,1.0315155982971191,0.010619249119087563,30,16950,3690,,,,
0,2021-12-29,nivel,1,LSTM,0.0,1.1081360578536987,1.0923285484313965,1.007300853729248,1.0086982250213623,0.003341871505629487,30,16950,3690,7.0,0.0,0.07840103519135225,0.08527885755496238
0,2021-12-29,nivel,1,LSTM,1.0,1.110864281654358,1.094482183456421,1.0098471641540527,1.0112369060516357,0.003981205518417789,30,16950,3690,7.0,0.0,0.06765279160645693,0.0927832675124727
0,2021-12-29,nivel,1,LSTM,2.0,1.110837459564209,1.0938515663146973,1.0098145008087158,1.0115387439727783,0.004083708335328941,30,16950,3690,7.0,0.0,0.06407790938948295,0.08275352387841958
0,2021-12-29,nivel,5,cero,,1.1035956144332886,1.0842442512512207,1.0,1.0,0.0,30,16830,3570,,,,
0,2021-12-29,nivel,5,deriva,,1.1144803762435913,1.1062357425689697,1.00948965549469,1.0094306468963623,0.004161261509004486,30,16830,3570,,,,
0,2021-12-29,nivel,5,ingenua,,1.5511994361877441,1.5373609066009521,1.4040342569351196,1.3974027633666992,0.010222023837954041,30,16830,3570,,,,
0,2021-12-29,nivel,5,regresion agrupada,,1.1272799968719482,1.1194813251495361,1.021254062652588,1.0122145414352417,0.009919851780122654,30,16830,3570,,,,
0,2021-12-29,nivel,5,LSTM,0.0,1.110171914100647,1.0911054611206055,1.005730152130127,1.006260633468628,0.0025228341558002076,30,16830,3570,8.0,1.0,0.03365695796850504,0.04132852531179334
0,2021-12-29,nivel,5,LSTM,1.0,1.1107990741729736,1.092131495475769,1.0062899589538574,1.0067048072814941,0.002691042075477648,30,16830,3570,8.0,1.0,0.035435426302931526,0.03738146232949062
0,2021-12-29,nivel,5,LSTM,2.0,1.109019160270691,1.0902626514434814,1.004601001739502,1.0053277015686035,0.0023799348242161443,30,16830,3570,7.0,0.0,0.057307816223438945,0.03668766271210078
0,2021-12-29,nivel,10,cero,,1.1021016836166382,1.0831105709075928,1.0,1.0,0.0,30,16680,3420,,,,
0,2021-12-29,nivel,10,deriva,,1.1106990575790405,1.1046276092529297,1.0075724124908447,1.0075809955596924,0.003920668813518289,30,16680,3420,,,,
0,2021-12-29,nivel,10,ingenua,,1.5496580600738525,1.541792631149292,1.4053295850753784,1.4042292833328247,0.010971210280411557,30,16680,3420,,,,
0,2021-12-29,nivel,10,regresion agrupada,,1.122463345527649,1.1122725009918213,1.017621397972107,1.0117111206054688,0.009373027940284608,30,16680,3420,,,,
0,2021-12-29,nivel,10,LSTM,0.0,1.108222246170044,1.0959081649780273,1.005297064781189,1.0057648420333862,0.00264437992410934,30,16680,3420,8.0,1.0,0.03589140817127896,0.031243384420645958
0,2021-12-29,nivel,10,LSTM,1.0,1.1081010103225708,1.0959018468856812,1.005185842514038,1.0057916641235352,0.0026949210944451117,30,16680,3420,7.0,0.0,0.030599632328658394,0.0313334416767413
0,2021-12-29,nivel,10,LSTM,2.0,1.1084777116775513,1.0968422889709473,1.0055043697357178,1.0062569379806519,0.002671786749789115,30,16680,3420,7.0,0.0,0.03385655161444888,0.029346558378275597
0,2021-12-29,nivel,20,cero,,1.0969685316085815,1.081796407699585,1.0,1.0,0.0,30,16410,3150,,,,
0,2021-12-29,nivel,20,deriva,,1.1023143529891968,1.0928070545196533,1.0046988725662231,1.0055882930755615,0.003830854382763718,30,16410,3150,,,,
0,2021-12-29,nivel,20,ingenua,,1.5425450801849365,1.5318553447723389,1.40725839138031,1.4056472778320312,0.011789053641235028,30,16410,3150,,,,
0,2021-12-29,nivel,20,regresion agrupada,,1.1172740459442139,1.109824776649475,1.0175055265426636,1.014636516571045,0.007870357919203982,30,16410,3150,,,,
0,2021-12-29,nivel,20,LSTM,0.0,1.1006264686584473,1.0909998416900635,1.0030161142349243,1.0043939352035522,0.002684564404562621,30,16410,3150,8.0,1.0,0.02810547357568374,0.02266840450465679
0,2021-12-29,nivel,20,LSTM,1.0,1.1005032062530518,1.09099280834198,1.0028603076934814,1.0042973756790161,0.0026609976597297843,30,16410,3150,7.0,0.0,0.026576224356316604,0.02391152884811163
0,2021-12-29,nivel,20,LSTM,2.0,1.1004831790924072,1.0909870862960815,1.0028650760650635,1.0042786598205566,0.0026050719764565355,30,16410,3150,7.0,0.0,0.024670922211729562,0.02135698594726049
0,2021-12-29,magnitud,1,volatilidad reciente,,0.9521548748016357,0.9409641623497009,1.0,1.0,0.0,30,16950,3690,,,,
0,2021-12-29,magnitud,1,persistencia,,1.3133372068405151,1.2999521493911743,1.3756213188171387,1.374642252922058,0.02572153077236583,30,16950,3690,,,,
0,2021-12-29,magnitud,1,regresion agrupada,,0.992066502571106,0.9726758003234863,1.0406838655471802,1.038245677947998,0.011463922715343201,30,16950,3690,,,,
0,2021-12-29,magnitud,1,LSTM,0.0,1.0125806331634521,1.0123921632766724,1.051089882850647,1.0319507122039795,0.029800784858763387,30,16950,3690,7.0,0.0,0.46657571407841214,0.1830262665205927
0,2021-12-29,magnitud,1,LSTM,1.0,0.9807654619216919,0.9768953323364258,1.0248736143112183,1.0188968181610107,0.016509620273042876,30,16950,3690,17.0,10.0,0.2960616129992613,0.19637300340986963
0,2021-12-29,magnitud,1,LSTM,2.0,0.9835129976272583,0.9820291996002197,1.0276604890823364,1.0283195972442627,0.017226979477945933,30,16950,3690,10.0,3.0,0.28887568625496396,0.19397993380231643
0,2021-12-29,magnitud,5,volatilidad reciente,,0.9409126043319702,0.9329581260681152,1.0,1.0,0.0,30,16830,3570,,,,
0,2021-12-29,magnitud,5,persistencia,,1.2833296060562134,1.2694125175476074,1.360449194908142,1.3679522275924683,0.016039083182768258,30,16830,3570,,,,
0,2021-12-29,magnitud,5,regresion agrupada,,0.9779443144798279,0.9615291357040405,1.0406309366226196,1.0408210754394531,0.00951978826707729,30,16830,3570,,,,
0,2021-12-29,magnitud,5,LSTM,0.0,0.973602831363678,0.9746267795562744,1.029728651046753,1.0342837572097778,0.019885558723316613,30,16830,3570,9.0,2.0,0.21958051271962398,0.1338606761824904
0,2021-12-29,magnitud,5,LSTM,1.0,0.9627674221992493,0.9705959558486938,1.0193414688110352,1.0197477340698242,0.01550797538050198,30,16830,3570,9.0,2.0,0.21425305724595534,0.14744137323489695
0,2021-12-29,magnitud,5,LSTM,2.0,0.9713583588600159,0.9732820987701416,1.0263832807540894,1.0307114124298096,0.01988581037579861,30,16830,3570,9.0,2.0,0.34235669531379687,0.1289880144212282
0,2021-12-29,magnitud,10,volatilidad reciente,,0.9257135391235352,0.9179268479347229,1.0,1.0,0.0,30,16680,3420,,,,
0,2021-12-29,magnitud,10,persistencia,,1.2594603300094604,1.2419369220733643,1.3578850030899048,1.3565099239349365,0.014571834948883618,30,16680,3420,,,,
0,2021-12-29,magnitud,10,regresion agrupada,,0.9656845331192017,0.9436941146850586,1.0455015897750854,1.0465312004089355,0.010965077441411055,30,16680,3420,,,,
0,2021-12-29,magnitud,10,LSTM,0.0,0.9622675776481628,0.9701470136642456,1.0358597040176392,1.043997049331665,0.01710830696885357,30,16680,3420,11.0,4.0,0.23712331621032773,0.1268680001411474
0,2021-12-29,magnitud,10,LSTM,1.0,0.961123526096344,0.9712285995483398,1.034273386001587,1.0390558242797852,0.017619713782488534,30,16680,3420,12.0,5.0,0.16641626619931424,0.14813669951576175
0,2021-12-29,magnitud,10,LSTM,2.0,0.96043860912323,0.9682028293609619,1.0334612131118774,1.043563961982727,0.017953802176455844,30,16680,3420,11.0,4.0,0.2178405219632568,0.08974274761523261
0,2021-12-29,magnitud,20,volatilidad reciente,,0.8987017869949341,0.8830803632736206,1.0,1.0,0.0,30,16410,3150,,,,
0,2021-12-29,magnitud,20,persistencia,,1.2377700805664062,1.2132713794708252,1.3746765851974487,1.375601053237915,0.012530287185119528,30,16410,3150,,,,
0,2021-12-29,magnitud,20,regresion agrupada,,0.9407231211662292,0.9051223993301392,1.05060613155365,1.0447763204574585,0.014773816672070873,30,16410,3150,,,,
0,2021-12-29,magnitud,20,LSTM,0.0,0.9369304180145264,0.9456847310066223,1.0381513833999634,1.0433526039123535,0.016734869648687402,30,16410,3150,13.0,6.0,0.17467476077950916,0.11696296798495145
0,2021-12-29,magnitud,20,LSTM,1.0,0.9366377592086792,0.9440267086029053,1.0374045372009277,1.0441879034042358,0.01731014450197006,30,16410,3150,13.0,6.0,0.16542154670907902,0.14587322301589525
0,2021-12-29,magnitud,20,LSTM,2.0,0.9391908049583435,0.9389262795448303,1.0382307767868042,1.0405356884002686,0.022367031753274733,30,16410,3150,9.0,2.0,0.16583793899760796,0.07924165086677441
1,2022-06-30,nivel,1,cero,,1.077761173248291,1.0860100984573364,1.0,1.0,0.0,30,20760,3720,,,,
1,2022-06-30,nivel,1,deriva,,1.0920979976654053,1.1004517078399658,1.0133246183395386,1.0123662948608398,0.00353791389017064,30,20760,3720,,,,
1,2022-06-30,nivel,1,ingenua,,1.5310958623886108,1.542790174484253,1.4211463928222656,1.4147365093231201,0.023256963348063306,30,20760,3720,,,,
1,2022-06-30,nivel,1,regresion agrupada,,1.13740873336792,1.1606402397155762,1.0549088716506958,1.0502548217773438,0.008833207521006414,30,20760,3720,,,,
1,2022-06-30,nivel,1,LSTM,0.0,1.0867680311203003,1.0925767421722412,1.008126974105835,1.0083009004592896,0.0036318493003534074,30,20760,3720,7.0,0.0,0.06833174730446644,0.09640705290182335
1,2022-06-30,nivel,1,LSTM,1.0,1.089261770248413,1.0922492742538452,1.0104871988296509,1.0109795331954956,0.004169485444102034,30,20760,3720,7.0,0.0,0.060912952110989065,0.08826293671367372
1,2022-06-30,nivel,1,LSTM,2.0,1.0881168842315674,1.0920605659484863,1.0093138217926025,1.0106921195983887,0.004139206209382792,30,20760,3720,7.0,0.0,0.07101803129005087,0.09130475036345603
1,2022-06-30,nivel,5,cero,,1.0869892835617065,1.0857388973236084,1.0,1.0,0.0,30,20640,3570,,,,
1,2022-06-30,nivel,5,deriva,,1.1033352613449097,1.1005159616470337,1.0151804685592651,1.0152593851089478,0.0030626579757876186,30,20640,3570,,,,
1,2022-06-30,nivel,5,ingenua,,1.5671614408493042,1.5787959098815918,1.4424614906311035,1.437995433807373,0.010780880747282708,30,20640,3570,,,,
1,2022-06-30,nivel,5,regresion agrupada,,1.1426339149475098,1.1533775329589844,1.0507009029388428,1.0496442317962646,0.00947472070826046,30,20640,3570,,,,
1,2022-06-30,nivel,5,LSTM,0.0,1.092671513557434,1.0900702476501465,1.005064606666565,1.0044636726379395,0.0019606634253758123,30,20640,3570,7.0,0.0,0.032380395430933545,0.0400231483357924
1,2022-06-30,nivel,5,LSTM,1.0,1.0935200452804565,1.0914298295974731,1.0058575868606567,1.0059747695922852,0.0020740406901476214,30,20640,3570,7.0,0.0,0.035553982481360435,0.035884350170323875
1,2022-06-30,nivel,5,LSTM,2.0,1.093599796295166,1.0905402898788452,1.0059454441070557,1.005639910697937,0.002164906280120921,30,20640,3570,7.0,0.0,0.05343739180193271,0.035215874719950885
1,2022-06-30,nivel,10,cero,,1.0953141450881958,1.0961439609527588,1.0,1.0,0.0,30,20490,3420,,,,
1,2022-06-30,nivel,10,deriva,,1.1125054359436035,1.1168216466903687,1.0158392190933228,1.01611328125,0.0028046255932634196,30,20490,3420,,,,
1,2022-06-30,nivel,10,ingenua,,1.572089433670044,1.5524253845214844,1.4352262020111084,1.431456208229065,0.011024601415105969,30,20490,3420,,,,
1,2022-06-30,nivel,10,regresion agrupada,,1.1486790180206299,1.1626654863357544,1.0480871200561523,1.0481829643249512,0.00898651217261476,30,20490,3420,,,,
1,2022-06-30,nivel,10,LSTM,0.0,1.0996865034103394,1.0985153913497925,1.003787636756897,1.0036756992340088,0.0020127197817028635,30,20490,3420,7.0,0.0,0.03428185387388056,0.030883597531988296
1,2022-06-30,nivel,10,LSTM,1.0,1.100486159324646,1.0997281074523926,1.0044833421707153,1.004728078842163,0.0021203942271545585,30,20490,3420,8.0,1.0,0.02858253782270131,0.03276301451303341
1,2022-06-30,nivel,10,LSTM,2.0,1.100095272064209,1.0991300344467163,1.00413179397583,1.0048022270202637,0.0020538544203111526,30,20490,3420,8.0,1.0,0.03280594149305497,0.03154340494470096
1,2022-06-30,nivel,20,cero,,1.1038882732391357,1.114925503730774,1.0,1.0,0.0,30,20190,3120,,,,
1,2022-06-30,nivel,20,deriva,,1.1194348335266113,1.132132649421692,1.014233112335205,1.0137507915496826,0.0024091773527308265,30,20190,3120,,,,
1,2022-06-30,nivel,20,ingenua,,1.5844788551330566,1.5722066164016724,1.4356663227081299,1.4375905990600586,0.011489825237301188,30,20190,3120,,,,
1,2022-06-30,nivel,20,regresion agrupada,,1.145721435546875,1.1502609252929688,1.03770112991333,1.0355784893035889,0.007728744905880947,30,20190,3120,,,,
1,2022-06-30,nivel,20,LSTM,0.0,1.1075316667556763,1.1107301712036133,1.0029860734939575,1.0040844678878784,0.00218055124287007,30,20190,3120,7.0,0.0,0.024875347443585154,0.021029659334711636
1,2022-06-30,nivel,20,LSTM,1.0,1.107742428779602,1.1109429597854614,1.003170371055603,1.0045363903045654,0.002198564629552845,30,20190,3120,7.0,0.0,0.02494089469266466,0.02108189363409824
1,2022-06-30,nivel,20,LSTM,2.0,1.1079270839691162,1.111241340637207,1.0033092498779297,1.0045802593231201,0.002206076796211441,30,20190,3120,9.0,2.0,0.022671892402009872,0.021789715507456772
1,2022-06-30,magnitud,1,volatilidad reciente,,1.0392380952835083,1.0083255767822266,1.0,1.0,0.0,30,20760,3720,,,,
1,2022-06-30,magnitud,1,persistencia,,1.3431376218795776,1.346710205078125,1.2918490171432495,1.2856833934783936,0.030863890088826902,30,20760,3720,,,,
1,2022-06-30,magnitud,1,regresion agrupada,,1.0284924507141113,1.0247043371200562,0.990347683429718,0.9878382086753845,0.015652281075382406,30,20760,3720,,,,
1,2022-06-30,magnitud,1,LSTM,0.0,0.9851896166801453,0.9664269685745239,0.9454126954078674,0.9346880316734314,0.02154019147614887,30,20760,3720,8.0,1.0,0.41711130486119813,0.21176420647378374
1,2022-06-30,magnitud,1,LSTM,1.0,0.9822375178337097,0.958644449710846,0.9431694149971008,0.9420093894004822,0.018644884781387133,30,20760,3720,14.0,7.0,0.2635610527018221,0.1869366322530479
1,2022-06-30,magnitud,1,LSTM,2.0,0.9758663177490234,0.9594644904136658,0.9374972581863403,0.9350243210792542,0.019374400841596275,30,20760,3720,11.0,4.0,0.2636918950735069,0.17720481335389904
1,2022-06-30,magnitud,5,volatilidad reciente,,1.0349830389022827,1.0103588104248047,1.0,1.0,0.0,30,20640,3570,,,,
1,2022-06-30,magnitud,5,persistencia,,1.3554412126541138,1.3320698738098145,1.3098982572555542,1.314321756362915,0.021693990590877253,30,20640,3570,,,,
1,2022-06-30,magnitud,5,regresion agrupada,,1.021166443824768,1.0142490863800049,0.9875074028968811,0.9856274724006653,0.013499993976985515,30,20640,3570,,,,
1,2022-06-30,magnitud,5,LSTM,0.0,0.9750691652297974,0.9610803127288818,0.9412241578102112,0.9364583492279053,0.016661524512595987,30,20640,3570,13.0,6.0,0.18658273841863798,0.12918162350485354
1,2022-06-30,magnitud,5,LSTM,1.0,0.9727029204368591,0.9607569575309753,0.939509391784668,0.9428852200508118,0.012250046981165287,30,20640,3570,16.0,9.0,0.19217925819993756,0.16582865980856212
1,2022-06-30,magnitud,5,LSTM,2.0,0.9721578359603882,0.9555647373199463,0.937752902507782,0.9393027424812317,0.01528710067719318,30,20640,3570,11.0,4.0,0.29205375293522706,0.12072073870602949
1,2022-06-30,magnitud,10,volatilidad reciente,,1.0269839763641357,1.0015687942504883,1.0,1.0,0.0,30,20490,3420,,,,
1,2022-06-30,magnitud,10,persistencia,,1.3466490507125854,1.3292802572250366,1.3102513551712036,1.3054873943328857,0.023278129362224963,30,20490,3420,,,,
1,2022-06-30,magnitud,10,regresion agrupada,,1.0106090307235718,0.9948137998580933,0.9851367473602295,0.9825419187545776,0.013242933007048926,30,20490,3420,,,,
1,2022-06-30,magnitud,10,LSTM,0.0,0.9656524062156677,0.9492064714431763,0.9395014643669128,0.9392313361167908,0.014067825357935744,30,20490,3420,11.0,4.0,0.21086643346481854,0.11575272152729241
1,2022-06-30,magnitud,10,LSTM,1.0,0.9657790660858154,0.951316237449646,0.941262423992157,0.9415368437767029,0.010806024230943637,30,20490,3420,21.0,14.0,0.14883875108703418,0.12839082426127094
1,2022-06-30,magnitud,10,LSTM,2.0,0.9712981581687927,0.9512267112731934,0.9441799521446228,0.9422581195831299,0.014586211787166044,30,20490,3420,12.0,5.0,0.18207485343755028,0.11825385579356441
1,2022-06-30,magnitud,20,volatilidad reciente,,1.0154078006744385,0.9966068863868713,1.0,1.0,0.0,30,20190,3120,,,,
1,2022-06-30,magnitud,20,persistencia,,1.3393642902374268,1.3185371160507202,1.3182518482208252,1.3052828311920166,0.022668227127419224,30,20190,3120,,,,
1,2022-06-30,magnitud,20,regresion agrupada,,0.9960523247718811,0.9783350229263306,0.9839551448822021,0.9835078716278076,0.014729023890558713,30,20190,3120,,,,
1,2022-06-30,magnitud,20,LSTM,0.0,0.9604143500328064,0.9609829783439636,0.9458774328231812,0.9333723187446594,0.0158399498936205,30,20190,3120,9.0,2.0,0.1538001524072282,0.07336755115774614
1,2022-06-30,magnitud,20,LSTM,1.0,0.9607399106025696,0.9618929624557495,0.9459399580955505,0.93245530128479,0.01645327188161405,30,20190,3120,9.0,2.0,0.1443893288415444,0.08465645749923549
1,2022-06-30,magnitud,20,LSTM,2.0,0.9601179361343384,0.9529143571853638,0.9452489018440247,0.9393800497055054,0.014871400703171707,30,20190,3120,10.0,3.0,0.1404151271415662,0.07985605330123932
2,2022-12-29,nivel,1,cero,,0.8587583303451538,0.8385123014450073,1.0,1.0,0.0,30,24510,3690,,,,
2,2022-12-29,nivel,1,deriva,,0.8710286021232605,0.8587923645973206,1.0145471096038818,1.0151383876800537,0.003942310246828371,30,24510,3690,,,,
2,2022-12-29,nivel,1,ingenua,,1.2481064796447754,1.204414963722229,1.4546841382980347,1.464473009109497,0.02244399796453956,30,24510,3690,,,,
2,2022-12-29,nivel,1,regresion agrupada,,0.8924294114112854,0.870822012424469,1.0387383699417114,1.0345447063446045,0.0077266344257413706,30,24510,3690,,,,
2,2022-12-29,nivel,1,LSTM,0.0,0.8603506088256836,0.8428213596343994,1.001792311668396,1.0034765005111694,0.0033030248641818605,30,24510,3690,7.0,0.0,0.06944793203244141,0.08325724967289716
2,2022-12-29,nivel,1,LSTM,1.0,0.8597533106803894,0.8389445543289185,1.0010650157928467,1.0021990537643433,0.0030202473910814097,30,24510,3690,8.0,1.0,0.06551296473965824,0.09523162692009161
2,2022-12-29,nivel,1,LSTM,2.0,0.8623428344726562,0.8442225456237793,1.0041961669921875,1.0055460929870605,0.003915814641183078,30,24510,3690,7.0,0.0,0.05582440786626345,0.08614787467134495
2,2022-12-29,nivel,5,cero,,0.862555742263794,0.8419867753982544,1.0,1.0,0.0,30,24390,3600,,,,
2,2022-12-29,nivel,5,deriva,,0.8742045760154724,0.85858553647995,1.0135644674301147,1.012070655822754,0.003432483062624336,30,24390,3600,,,,
2,2022-12-29,nivel,5,ingenua,,1.254945993423462,1.2386635541915894,1.4562256336212158,1.4573993682861328,0.014272133166226882,30,24390,3600,,,,
2,2022-12-29,nivel,5,regresion agrupada,,0.8939103484153748,0.8598843812942505,1.036121129989624,1.0348496437072754,0.007858606428436464,30,24390,3600,,,,
2,2022-12-29,nivel,5,LSTM,0.0,0.8649998903274536,0.8487702012062073,1.002866506576538,1.0023846626281738,0.0029103147046746942,30,24390,3600,8.0,1.0,0.03307618334656581,0.040670821986471616
2,2022-12-29,nivel,5,LSTM,1.0,0.8646258115768433,0.8482068181037903,1.0024244785308838,1.0019688606262207,0.0027332147805741833,30,24390,3600,8.0,1.0,0.03479644215743368,0.03850251898014297
2,2022-12-29,nivel,5,LSTM,2.0,0.864525556564331,0.847639262676239,1.002314805984497,1.0018360614776611,0.0026807183724745546,30,24390,3600,8.0,1.0,0.047488952424221985,0.03409593939431943
2,2022-12-29,nivel,10,cero,,0.8582961559295654,0.8440474271774292,1.0,1.0,0.0,30,24240,3480,,,,
2,2022-12-29,nivel,10,deriva,,0.870161235332489,0.8516747951507568,1.013837456703186,1.0123307704925537,0.0030174441864744923,30,24240,3480,,,,
2,2022-12-29,nivel,10,ingenua,,1.2486430406570435,1.2329137325286865,1.4553909301757812,1.4526041746139526,0.011896158297857548,30,24240,3480,,,,
2,2022-12-29,nivel,10,regresion agrupada,,0.8854612708091736,0.8528792858123779,1.0313506126403809,1.0299625396728516,0.00720439295254358,30,24240,3480,,,,
2,2022-12-29,nivel,10,LSTM,0.0,0.8605158925056458,0.8411097526550293,1.0026525259017944,1.0020251274108887,0.00251086212904002,30,24240,3480,7.0,0.0,0.03044702156789993,0.02776506921570552
2,2022-12-29,nivel,10,LSTM,1.0,0.861045777797699,0.8416921496391296,1.003290057182312,1.0031747817993164,0.0027615955693734793,30,24240,3480,7.0,0.0,0.027235957695857474,0.03037027834277404
2,2022-12-29,nivel,10,LSTM,2.0,0.8605601191520691,0.8412365913391113,1.0027130842208862,1.0026438236236572,0.002694019566431896,30,24240,3480,7.0,0.0,0.029269986334992084,0.028385786849417186
2,2022-12-29,nivel,20,cero,,0.8620680570602417,0.8406805992126465,1.0,1.0,0.0,30,23970,3180,,,,
2,2022-12-29,nivel,20,deriva,,0.8752511739730835,0.848454475402832,1.015380620956421,1.01406991481781,0.0026772867168044826,30,23970,3180,,,,
2,2022-12-29,nivel,20,ingenua,,1.2643522024154663,1.2342278957366943,1.4671059846878052,1.4652045965194702,0.012328505423634187,30,23970,3180,,,,
2,2022-12-29,nivel,20,regresion agrupada,,0.8859096169471741,0.855022668838501,1.027331829071045,1.025593638420105,0.006892193563517292,30,23970,3180,,,,
2,2022-12-29,nivel,20,LSTM,0.0,0.8642445206642151,0.8383811116218567,1.0025969743728638,1.0012025833129883,0.002474702387944117,30,23970,3180,8.0,1.0,0.023370226944222094,0.021622342592541206
2,2022-12-29,nivel,20,LSTM,1.0,0.8646957278251648,0.8388456106185913,1.0031440258026123,1.0020523071289062,0.002639962742908412,30,23970,3180,8.0,1.0,0.022775969775195453,0.021597732948337462
2,2022-12-29,nivel,20,LSTM,2.0,0.8646157383918762,0.8387480974197388,1.0030486583709717,1.0019452571868896,0.0026585049398743063,30,23970,3180,8.0,1.0,0.02132055929247686,0.02036991700569683
2,2022-12-29,magnitud,1,volatilidad reciente,,0.8386877775192261,0.8143386840820312,1.0,1.0,0.0,30,24510,3690,,,,
2,2022-12-29,magnitud,1,persistencia,,1.0712332725524902,1.0208157300949097,1.2809196710586548,1.2915840148925781,0.030213157578887727,30,24510,3690,,,,
2,2022-12-29,magnitud,1,regresion agrupada,,0.8526764512062073,0.8237577676773071,1.0179951190948486,1.0116318464279175,0.011509501740826147,30,24510,3690,,,,
2,2022-12-29,magnitud,1,LSTM,0.0,0.7974620461463928,0.7781025767326355,0.9501892924308777,0.9422639012336731,0.01367530869878298,30,24510,3690,9.0,2.0,0.3615975084054905,0.17419927074418715
2,2022-12-29,magnitud,1,LSTM,1.0,0.8003257513046265,0.7763644456863403,0.9536484479904175,0.9498814344406128,0.012411767027800053,30,24510,3690,10.0,3.0,0.2560513794014696,0.15582783213661364
2,2022-12-29,magnitud,1,LSTM,2.0,0.7967082858085632,0.7756712436676025,0.9493221640586853,0.9385999441146851,0.012343037334256872,30,24510,3690,15.0,8.0,0.24588861434798068,0.2215999421896413
2,2022-12-29,magnitud,5,volatilidad reciente,,0.8347768783569336,0.8198834657669067,1.0,1.0,0.0,30,24390,3600,,,,
2,2022-12-29,magnitud,5,persistencia,,1.0920109748840332,1.0727863311767578,1.3089878559112549,1.3119380474090576,0.020025202726003465,30,24390,3600,,,,
2,2022-12-29,magnitud,5,regresion agrupada,,0.8637549877166748,0.837788462638855,1.0361056327819824,1.033400058746338,0.011328602374353831,30,24390,3600,,,,
2,2022-12-29,magnitud,5,LSTM,0.0,0.8035185933113098,0.784079909324646,0.9622344374656677,0.9584991335868835,0.01012717465720488,30,24390,3600,9.0,2.0,0.17298765591112897,0.11038500194748242
2,2022-12-29,magnitud,5,LSTM,1.0,0.8001527190208435,0.7854425311088562,0.9575570225715637,0.9570459127426147,0.011705672332104752,30,24390,3600,15.0,8.0,0.1684459149837494,0.15283938210147122
2,2022-12-29,magnitud,5,LSTM,2.0,0.7998225688934326,0.7840408086776733,0.9575790762901306,0.9532414078712463,0.009718743359062122,30,24390,3600,15.0,8.0,0.258585144203001,0.1771230212567995
2,2022-12-29,magnitud,10,volatilidad reciente,,0.8286193609237671,0.8128408193588257,1.0,1.0,0.0,30,24240,3480,,,,
2,2022-12-29,magnitud,10,persistencia,,1.0948617458343506,1.0680190324783325,1.321893334388733,1.317737340927124,0.013981630982141823,30,24240,3480,,,,
2,2022-12-29,magnitud,10,regresion agrupada,,0.862884521484375,0.8392375707626343,1.044047474861145,1.0321481227874756,0.015098876863211003,30,24240,3480,,,,
2,2022-12-29,magnitud,10,LSTM,0.0,0.7945868372917175,0.7756339907646179,0.9589422345161438,0.9568108320236206,0.01098527561372978,30,24240,3480,9.0,2.0,0.18929410174881156,0.09886263459920883
2,2022-12-29,magnitud,10,LSTM,1.0,0.7971054911613464,0.7832604646682739,0.9616655111312866,0.9566847085952759,0.010995847058399273,30,24240,3480,15.0,8.0,0.1351415796891639,0.11716185161157658
2,2022-12-29,magnitud,10,LSTM,2.0,0.7963982820510864,0.7859728336334229,0.9611117243766785,0.9577906727790833,0.010035987360139728,30,24240,3480,11.0,4.0,0.16852847888673606,0.12107170439864459
2,2022-12-29,magnitud,20,volatilidad reciente,,0.8218919038772583,0.8050771951675415,1.0,1.0,0.0,30,23970,3180,,,,
2,2022-12-29,magnitud,20,persistencia,,1.102096438407898,1.0846470594406128,1.3410625457763672,1.3421491384506226,0.012312143931453183,30,23970,3180,,,,
2,2022-12-29,magnitud,20,regresion agrupada,,0.8575531840324402,0.8403011560440063,1.0478452444076538,1.0338828563690186,0.02034932568168361,30,23970,3180,,,,
2,2022-12-29,magnitud,20,LSTM,0.0,0.7877721786499023,0.7858952879905701,0.9583200812339783,0.9514135718345642,0.012540630782271536,30,23970,3180,18.0,11.0,0.13802511023080094,0.12084522260788907
2,2022-12-29,magnitud,20,LSTM,1.0,0.7991834282875061,0.7986491918563843,0.973426103591919,0.9603285789489746,0.015846808443967738,30,23970,3180,22.0,15.0,0.12700970926658905,0.16133648997291605
2,2022-12-29,magnitud,20,LSTM,2.0,0.78937166929245,0.7885785102844238,0.9601572155952454,0.9522945880889893,0.012368353573945985,30,23970,3180,17.0,10.0,0.1248778036022757,0.10405271137727702
3,2023-07-03,nivel,1,cero,,0.7456062436103821,0.7465994358062744,1.0,1.0,0.0,30,28320,3660,,,,
3,2023-07-03,nivel,1,deriva,,0.7525773644447327,0.7452812194824219,1.008941650390625,1.0071502923965454,0.00458593935535674,30,28320,3660,,,,
3,2023-07-03,nivel,1,ingenua,,1.0779353380203247,1.09674072265625,1.444043517112732,1.45090651512146,0.0246403745777827,30,28320,3660,,,,
3,2023-07-03,nivel,1,regresion agrupada,,0.7688977122306824,0.7617714405059814,1.0312037467956543,1.0339164733886719,0.009237161445395117,30,28320,3660,,,,
3,2023-07-03,nivel,1,LSTM,0.0,0.7436274290084839,0.7473253011703491,0.9966874718666077,0.9969558715820312,0.0032949124723466046,30,28320,3660,16.0,9.0,0.061130039874246124,0.1393465262812537
3,2023-07-03,nivel,1,LSTM,1.0,0.7446931004524231,0.7467474937438965,0.9983301162719727,0.9993945360183716,0.0023856359431816505,30,28320,3660,17.0,10.0,0.0651946482038847,0.13591764672650947
3,2023-07-03,nivel,1,LSTM,2.0,0.7432926893234253,0.749894917011261,0.9964288473129272,0.996823251247406,0.003201291287695414,30,28320,3660,13.0,6.0,0.06585638496085061,0.11399099502611805
3,2023-07-03,nivel,5,cero,,0.7497793436050415,0.7495087385177612,1.0,1.0,0.0,30,28170,3540,,,,
3,2023-07-03,nivel,5,deriva,,0.7575912475585938,0.7515808343887329,1.0098859071731567,1.0093812942504883,0.00474810727539528,30,28170,3540,,,,
3,2023-07-03,nivel,5,ingenua,,1.081250548362732,1.0590753555297852,1.4398709535598755,1.4479111433029175,0.011699968662607333,30,28170,3540,,,,
3,2023-07-03,nivel,5,regresion agrupada,,0.7734082937240601,0.7612087726593018,1.0307447910308838,1.03204345703125,0.008965941962707781,30,28170,3540,,,,
3,2023-07-03,nivel,5,LSTM,0.0,0.746638298034668,0.749293327331543,0.9953334927558899,0.9972034096717834,0.0027069966728009323,30,28170,3540,7.0,0.0,0.033368356425214456,0.033592438962948216
3,2023-07-03,nivel,5,LSTM,1.0,0.7470242977142334,0.7503477334976196,0.9959215521812439,0.9976567029953003,0.0027307155993711945,30,28170,3540,18.0,11.0,0.0340107525824695,0.06861006945103139
3,2023-07-03,nivel,5,LSTM,2.0,0.7470395565032959,0.7504823207855225,0.9960207343101501,0.9982045888900757,0.0025782939419108364,30,28170,3540,15.0,8.0,0.04506638479158954,0.05304949361461777
3,2023-07-03,nivel,10,cero,,0.7477314472198486,0.742037296295166,1.0,1.0,0.0,30,28020,3390,,,,
3,2023-07-03,nivel,10,deriva,,0.756127119064331,0.7470433712005615,1.0109100341796875,1.011014699935913,0.005081478119717971,30,28020,3390,,,,
3,2023-07-03,nivel,10,ingenua,,1.0811856985092163,1.0465693473815918,1.4457099437713623,1.4333560466766357,0.012174215246494985,30,28020,3390,,,,
3,2023-07-03,nivel,10,regresion agrupada,,0.7679502367973328,0.7513737678527832,1.0260522365570068,1.0288219451904297,0.008728195660835547,30,28020,3390,,,,
3,2023-07-03,nivel,10,LSTM,0.0,0.7460575699806213,0.742064893245697,0.9972625970840454,0.9987098574638367,0.0028830882866188387,30,28020,3390,15.0,8.0,0.029998421558940953,0.06284500465474345
3,2023-07-03,nivel,10,LSTM,1.0,0.7453216910362244,0.7415518760681152,0.9964169263839722,0.9977867007255554,0.0025362377111049564,30,28020,3390,12.0,5.0,0.026844798638062044,0.039961580170149155
3,2023-07-03,nivel,10,LSTM,2.0,0.7457712292671204,0.7417808771133423,0.9969810247421265,0.9985894560813904,0.002974647961343166,30,28020,3390,14.0,7.0,0.028102611437101254,0.049374382570385934
3,2023-07-03,nivel,20,cero,,0.7436851263046265,0.7154107093811035,1.0,1.0,0.0,30,27720,3090,,,,
3,2023-07-03,nivel,20,deriva,,0.7521795034408569,0.729576826095581,1.0113627910614014,1.0103839635849,0.005428361682111251,30,27720,3090,,,,
3,2023-07-03,nivel,20,ingenua,,1.0848549604415894,1.0366535186767578,1.458182454109192,1.4544119834899902,0.01469674027782744,30,27720,3090,,,,
3,2023-07-03,nivel,20,regresion agrupada,,0.7603890895843506,0.7325593829154968,1.0212596654891968,1.0231854915618896,0.007677595518701857,30,27720,3090,,,,
3,2023-07-03,nivel,20,LSTM,0.0,0.742175281047821,0.7161576747894287,0.9977038502693176,0.9987427592277527,0.002914428202542615,30,27720,3090,11.0,4.0,0.021867153935407828,0.027666125480734972
3,2023-07-03,nivel,20,LSTM,1.0,0.7421711087226868,0.7163641452789307,0.9977325797080994,0.998109757900238,0.0029028219220586307,30,27720,3090,14.0,7.0,0.02250370020986697,0.026345306050476677
3,2023-07-03,nivel,20,LSTM,2.0,0.7421988844871521,0.7164354920387268,0.9977244138717651,0.9981725811958313,0.0032248265759680012,30,27720,3090,15.0,8.0,0.020511239852517023,0.03681518733843204
3,2023-07-03,magnitud,1,volatilidad reciente,,0.7326390147209167,0.7202486991882324,1.0,1.0,0.0,30,28320,3660,,,,
3,2023-07-03,magnitud,1,persistencia,,0.9863011240959167,1.01297128200531,1.3493760824203491,1.348628044128418,0.034856975644820584,30,28320,3660,,,,
3,2023-07-03,magnitud,1,regresion agrupada,,0.7606351971626282,0.7599666118621826,1.0427930355072021,1.0435314178466797,0.013921080674405457,30,28320,3660,,,,
3,2023-07-03,magnitud,1,LSTM,0.0,0.6964638233184814,0.6931020617485046,0.9506394863128662,0.9563770294189453,0.01249639707735452,30,28320,3660,16.0,9.0,0.34542162395879494,0.22273631890614828
3,2023-07-03,magnitud,1,LSTM,1.0,0.6993186473846436,0.6983542442321777,0.9565598368644714,0.9578356146812439,0.012536234345396826,30,28320,3660,17.0,10.0,0.2411936071307004,0.197996182920965
3,2023-07-03,magnitud,1,LSTM,2.0,0.6972455978393555,0.6937475204467773,0.9522048830986023,0.9573146104812622,0.012363456552674651,30,28320,3660,12.0,5.0,0.23191086003170894,0.19932522262270386
3,2023-07-03,magnitud,5,volatilidad reciente,,0.7296906113624573,0.7184447050094604,1.0,1.0,0.0,30,28170,3540,,,,
3,2023-07-03,magnitud,5,persistencia,,0.9835443496704102,0.9646733999252319,1.345589518547058,1.3507403135299683,0.019733200149012215,30,28170,3540,,,,
3,2023-07-03,magnitud,5,regresion agrupada,,0.764400839805603,0.7468098402023315,1.0533326864242554,1.0567708015441895,0.015350547028898065,30,28170,3540,,,,
3,2023-07-03,magnitud,5,LSTM,0.0,0.6963209509849548,0.6975353956222534,0.9546838402748108,0.958014965057373,0.01314717447665535,30,28170,3540,14.0,7.0,0.16064511459354344,0.14143739348730525
3,2023-07-03,magnitud,5,LSTM,1.0,0.6957248449325562,0.6895095109939575,0.9534438252449036,0.955238938331604,0.012529564874482006,30,28170,3540,13.0,6.0,0.1568631415867859,0.15341475636169716
3,2023-07-03,magnitud,5,LSTM,2.0,0.6953891515731812,0.6824833750724792,0.9520142078399658,0.9534833431243896,0.013214489475164591,30,28170,3540,13.0,6.0,0.2409547000687133,0.14595155139361415
3,2023-07-03,magnitud,10,volatilidad reciente,,0.7237011194229126,0.6983659267425537,1.0,1.0,0.0,30,28020,3390,,,,
3,2023-07-03,magnitud,10,persistencia,,0.9646797180175781,0.9346818327903748,1.3328173160552979,1.3349204063415527,0.02136923782385027,30,28020,3390,,,,
3,2023-07-03,magnitud,10,regresion agrupada,,0.7684200406074524,0.7402141690254211,1.0712833404541016,1.062422513961792,0.0218095752560013,30,28020,3390,,,,
3,2023-07-03,magnitud,10,LSTM,0.0,0.6986533999443054,0.6758447885513306,0.9699510335922241,0.9658204317092896,0.017993174227477374,30,28020,3390,8.0,1.0,0.17182789990170436,0.09886324896731159
3,2023-07-03,magnitud,10,LSTM,1.0,0.7111158967018127,0.6778750419616699,0.9942942261695862,0.9671669006347656,0.029142600714789663,30,28020,3390,7.0,0.0,0.1251330675218593,0.09569098619236187
3,2023-07-03,magnitud,10,LSTM,2.0,0.7144132256507874,0.6818040013313293,1.0001587867736816,0.9711133241653442,0.03149861478034356,30,28020,3390,7.0,0.0,0.1519311373206702,0.09437078078362075
3,2023-07-03,magnitud,20,volatilidad reciente,,0.7111099362373352,0.680900514125824,1.0,1.0,0.0,30,27720,3090,,,,
3,2023-07-03,magnitud,20,persistencia,,0.9662743210792542,0.9202003479003906,1.356135606765747,1.351300597190857,0.023006790854715062,30,27720,3090,,,,
3,2023-07-03,magnitud,20,regresion agrupada,,0.7819212675094604,0.7377763986587524,1.115362286567688,1.0841763019561768,0.03494741002486527,30,27720,3090,,,,
3,2023-07-03,magnitud,20,LSTM,0.0,0.7000676393508911,0.6555284857749939,0.9955348968505859,0.972256064414978,0.02878483522297545,30,27720,3090,7.0,0.0,0.1247157121777808,0.09477968141436577
3,2023-07-03,magnitud,20,LSTM,1.0,0.7003139853477478,0.6559721827507019,0.9959271550178528,0.9730542898178101,0.028797961960549998,30,27720,3090,7.0,0.0,0.12011696167563626,0.09549923572655118
3,2023-07-03,magnitud,20,LSTM,2.0,0.7063255906105042,0.6607255339622498,1.0065819025039673,0.9790446758270264,0.03263873927273568,30,27720,3090,7.0,0.0,0.11675560858886723,0.08724298054745439
